customer_id,name,phone,registration_date,city,quartier,loyalty_score,profile
CUST11544,Luc ALI,646521025,2021-03-01,Douala,Akwa,19.8,Inactif / Occasionnel
CUST10713,MENDO Chancelle,639254705,2021-03-01,Yaounde,Mvog-Mbi,61.4,Actif
CUST10198,OUMAR NDONGO,651837852,2021-03-01,Bafoussam,Centre Ville,43.46415432929565,Actif
CUST10439,Jean BILONG,613326769,2021-03-02,Yaounde,Biyem-Assi,17.4,Inactif / Occasionnel
CUST12034,Armelle LOBE,659167775,2021-03-02,Bafoussam,Djeleng,25.7,Actif
CUST11045,Solange ELA,INVALID,2021-03-03,Yaounde,Nlongkak,4.0,Actif
CUST11961,Pierre NKOUAM,652358553,2021-03-04,Yaounde,Mvog-Mbi,74.6,Inactif / Occasionnel
CUST10956,ABOUNA Therese,626690465,2021-03-05,Bafoussam,Fomekoua,48.1,Actif
CUST10968,Pauline oyono,667985905,2021-03-05,Douala,Logbessou,23.2,Actif
CUST10442,TALLA Hamidou,665259205,2021-03-05,Douala,Mboppi,43.6,Actif
CUST11550,GASTON TAKAM,669330166,2021-03-05,Yaounde,Mvog-Mbi,29.7,Actif
CUST11059,Luc NKUISSI,646698468,2021-03-05,Yaounde,Mvog-Mbi,27.0,Actif
CUST17220,ABENA JEAN,645896226,2021-03-06,Yaounde,Efoulan,61.2,Inactif / Occasionnel
CUST11763,JULES MVONDO,696707983,2021-03-06,Douala,Yassa,43.46415432929565,Inactif / Occasionnel
CUST10309,Suzanne KENFACK,681286543,2021-03-07,Douala,New-Bell,32.3,Inactif / Occasionnel
CUST11595,Stéphane ngamouri,612515446,2021-03-07,Yaounde,Melen,24.9,Actif
CUST10845,MENGUE Pierre,647983442,2021-03-08,Douala,Bepanda,57.3,Actif
CUST10265,IBRAHIM Rémi,672092888,2021-03-08,Douala,Bonapriso,43.46415432929565,Inactif / Occasionnel
CUST17350,NTONGO OUMAR,625276327,2021-03-09,Yaounde,Essos,54.3,Actif
CUST11701,Sylvain NGOUFO,673837847,2021-03-10,Douala,Ngodi-Bakoko,74.2,Actif
CUST10063,Armel FOFANA,620709497,2021-03-10,Douala,PK8,40.1,Inactif / Occasionnel
CUST17278,Lydie dawa,678103759,2021-03-12,Yaounde,Melen,28.3,Actif
CUST11647,EPEE Baudouin,630517835,2021-03-16,Douala,PK12,38.4,Inactif / Occasionnel
CUST17362,TRAORE Gustave,664362516,2021-03-17,Yaounde,Madagascar,37.4,Actif
CUST10455,SERGE TCHAMBA,650962024,2021-03-17,Douala,Ndogpassi,60.6,Actif
CUST11261,Romain ESSAMA,625457816,2021-03-17,Bafoussam,Tamdja,36.6,Inactif / Occasionnel
CUST11956,KOUAM Boubacar,649385195,2021-03-19,Bafoussam,Famla,70.0,Actif
CUST10519,ETOUNDI Serge,699245317,2021-03-19,Douala,New-Bell,56.0,Actif
CUST11378,ABATE Didier,689034501,2021-03-20,Yaounde,Etoudi,33.0,Actif
CUST10067,Ornella KAMGA,647308985,2021-03-20,Yaounde,Emana,44.3,Actif
CUST10419,Gustave CAMARA,667684996,2021-03-21,Bafoussam,Tamdja,78.5,Actif
CUST11759,DENISE NKODO,627152188,2021-03-22,Douala,Kotto,12.2,Actif
CUST11167,Fatoumata KEITA,665304649,2021-03-23,Bafoussam,Pefura,58.8,Actif
CUST11897,TCHOUPO Ornella,612205915,2021-03-24,Douala,Yassa,30.5,Inactif / Occasionnel
CUST11915,NADINE ALI,680260907,2021-03-24,Douala,Nyalla,21.4,Actif
CUST10043,Boubacar MFOU,691030736,2021-03-25,Douala,Akwa,5.6,Actif
CUST10120,Norbert nguefack,639436733,2021-03-26,Douala,Nyalla,57.6,Inactif / Occasionnel
CUST11765,Djeneba KOLLO,666828640,2021-03-26,Yaounde,Tsinga,29.4,Actif
CUST10453,CAMARA Gustave,671780854,2021-03-26,Douala,Bonabéri,42.2,Actif
CUST11943,Carine ekani,657284777,2021-03-27,Yaounde,Essos,36.4,Actif
CUST10698,Cyrille DJOKAM,619209801,2021-03-28,Douala,Yassa,52.7,Actif
CUST10561,Mariama NGONO,692043803,2021-03-28,Douala,Beedi,83.9,Actif
CUST11152,Patrick sidibe,623489853,2021-03-28,Yaounde,Messa,11.1,Actif
CUST10483,Luc nkodo,652101056,2021-03-30,Douala,Akwa,24.8,Actif
CUST11568,Florent MONGO,690440034,2021-03-30,Yaounde,Biyem-Assi,43.46415432929565,Actif
CUST10226,Fatoumata NDZANA,641944441,2021-03-31,Douala,Logbessou,100.0,Inactif / Occasionnel
CUST10668,BILONG Jules,689442503,2021-04-01,Bafoussam,Mossap,37.4,Actif
CUST11999,Yvette ETOUNDI,623770458,2021-04-01,Yaounde,Mimboman,7.4,Actif
CUST10280,BELINGA Fatoumata,674606833,2021-04-01,Douala,Deido,14.8,Actif
CUST11173,Ibrahim cisse,691804602,2021-04-01,Douala,Ndokotti,39.1,Actif
CUST12013,Aline NDONGO,657319709,2021-04-02,Douala,Bonabéri,57.9,Actif
CUST10171,Honoré teguia,675579548,2021-04-04,Yaounde,Elig-Edzoa,83.6,Actif
CUST10012,CHRISTIAN MFOU,614265799,2021-04-04,Bafoussam,Baham-Route,43.46415432929565,Actif
CUST10628,Moussa mbarga,664707061,2021-04-05,Yaounde,Tsinga,27.4,Actif
CUST10976,Fatima FOUDA,688802305,2021-04-05,Yaounde,Omnisport,31.3,Actif
CUST10992,Stéphane obama,622246348,2021-04-05,Yaounde,Tsinga,63.2,Inactif / Occasionnel
CUST11859,Hawa NJIEMOUN,623298711,2021-04-07,Yaounde,Briqueterie,54.6,Actif
CUST10252,Pauline feze,618135295,2021-04-07,Douala,PK12,26.9,Actif
CUST11272,MBASSI Gisèle,645495029,2021-04-08,Douala,Ngodi-Bakoko,21.4,Actif
CUST11488,Laurent TRAORE,674718365,2021-04-09,Douala,Nkolmesseng,31.0,Actif
CUST11945,EBOUELE Achille,655439043,2021-04-10,Douala,Bonamoussadi,40.9,Actif
CUST11411,Norbert tchiemegni,675802771,2021-04-10,Yaounde,Ngoa-Ekele,26.7,Actif
CUST10141,Khadija ESSAMA,625374874,2021-04-10,Yaounde,Nlongkak,11.6,Actif
CUST10818,Modibo ABOUNA,659529086,2021-04-12,Douala,Deido,52.8,Actif
CUST10627,Gustave mengue,665682626,2021-04-12,Douala,Bepanda,45.5,Actif
CUST11520,Bertille mvondo,619339597,2021-04-12,Douala,Ndogpassi,43.46415432929565,Actif
CUST11379,TALLA Régine,653455870,2021-04-12,Douala,Makepe,9.8,Inactif / Occasionnel
CUST11346,Sandrine IBRAHIM,695831286,2021-04-12,Yaounde,Essos,43.9,Actif
CUST10563,Rodrigue SOW,671124923,2021-04-13,Bafoussam,Tougang,31.6,Actif
CUST11314,Carine EPEE,666254240,2021-04-14,Yaounde,Nkomo,39.3,Actif
CUST10140,OYONO Paul,611540956,2021-04-14,Douala,New-Bell,100.0,Actif
CUST10222,Eric NGUEFACK,614216175,2021-04-15,Douala,Deido,30.8,Actif
CUST17165,ONANA Raoul,687342561,2021-04-16,Yaounde,Biyem-Assi,13.8,Inactif / Occasionnel
CUST10779,Saidou BOUKAR,691917334,2021-04-17,Douala,Kotto,21.1,Actif
CUST10946,Rodrigue ETOA,645652586,2021-04-19,Yaounde,Omnisport,32.5,Actif
CUST10702,Christiane sow,643189803,2021-04-20,Bafoussam,Djeleng,39.9,Actif
CUST10338,Denise NGWA,642035886,2021-04-21,Yaounde,Etoudi,43.46415432929565,Actif
CUST11904,Christelle ASSOUMOU,667611469,2021-04-21,Douala,Ngodi-Bakoko,100.0,Actif
CUST11630,Gustave mendo,678515906,2021-04-22,Yaounde,Briqueterie,43.46415432929565,Actif
CUST10115,Gisèle oumarou,688461803,2021-04-22,Yaounde,Emana,43.3,Actif
CUST11193,Nadège NDJOCK,669287967,2021-04-26,Yaounde,Elig-Edzoa,74.4,Actif
CUST10423,Flore CAMARA,658942697,2021-04-27,Douala,Nkolmesseng,34.5,Actif
CUST10908,Thierry NKOUAM,691823275,2021-04-27,Bafoussam,Bamendzi,31.6,Actif
CUST11095,COULIBALY Christelle,653188224,2021-04-27,Yaounde,Nkol-Eton,80.7,Actif
CUST17153,céline NJIEMOUN,636619372,2021-04-28,Bafoussam,Tougang,27.5,Actif
CUST11338,Nadine FOMEKONG,647028180,2021-04-29,Douala,Ndogpassi,49.9,Actif
CUST10510,Larissa NDOUMBE,699508850,2021-04-29,Yaounde,Jouvence,8.6,Actif
CUST10321,Fatima ESSOH,686460539,2021-04-29,Bafoussam,Centre Ville,19.8,Actif
CUST10571,Boubacar COULIBALY,642747037,2021-05-01,Douala,PK12,10.6,Inactif / Occasionnel
CUST11174,Hawa OUMAROU,661344226,2021-05-02,Yaounde,Mendong,49.2,Actif
CUST11643,DIALLO Rémi,644355473,2021-05-02,Yaounde,Emana,27.9,Actif
CUST11157,MAHAMADOU Modibo,616172803,2021-05-02,Bafoussam,Kamkop,21.3,Actif
CUST10068,BOUKAR Céline,670855700,2021-05-03,Yaounde,Mendong,12.4,Actif
CUST11884,THIERRY BIYA,650419829,2021-05-03,Douala,PK8,100.0,Actif
CUST11978,Raoul NDJOCK,659394697,2021-05-04,Douala,Bali,57.2,Actif
CUST11747,Didier NDOUMBE,651638598,2021-05-04,Bafoussam,Ngouache,61.8,Inactif / Occasionnel
CUST10543,Rémi ndjock,698429450,2021-05-04,Douala,Beedi,21.0,Actif
CUST11259,GHISLAIN NJIEMOUN,649613214,2021-05-07,Bafoussam,Centre Ville,9.8,Actif
CUST11433,YVETTE ENGOLO,667740376,2021-05-07,Yaounde,Nlongkak,43.7,Actif
CUST10652,Sandrine COULIBALY,639450273,2021-05-08,Douala,Village,66.6,Actif
CUST11924,Marcel NDONGO,662405812,2021-05-10,Douala,Logbessou,20.2,Actif
CUST10791,Sophie DIBOTI,655679506,2021-05-10,Douala,Cité des Palmiers,24.2,Actif
CUST10100,Chancelle mbassi,686125617,2021-05-10,Douala,Kotto,39.9,Actif
CUST17244,Luc BALENG,662191530,2021-05-12,Douala,Bonabéri,34.9,Actif
CUST10860,Paul ndikum,649209916,2021-05-13,Douala,Makepe,57.4,Actif
CUST11969,Laure MBOCK,696825515,2021-05-14,Yaounde,Nlongkak,47.5,Actif
CUST11022,Lydie FOFANA,617275149,2021-05-16,Bafoussam,Centre Ville,42.2,Actif
CUST10240,Norbert BARRY,622660194,2021-05-17,Yaounde,Nkomo,49.0,Actif
CUST10308,Paul BALENG,677491435,2021-05-17,Douala,Village,40.4,Actif
CUST10260,Oumar BARKA,670211891,2021-05-18,Yaounde,Emana,45.8,Actif
CUST11742,CÉLINE ATEBA,620939011,2021-05-18,Douala,Yassa,44.3,Actif
CUST11066,KAMGA Marcel,629413516,2021-05-18,Yaounde,Nkomo,52.4,Actif
CUST11324,KEITA Gaston,614391105,2021-05-19,Douala,Bonamoussadi,54.3,Actif
CUST10556,Isabelle NDONGO,629777514,2021-05-20,Douala,Bonanjo,43.46415432929565,Actif
CUST11674,BORIS NTONGO,657236885,2021-05-22,Douala,Ndogpassi,8.7,Actif
CUST11295,Romain DAWA,650559278,2021-05-22,Douala,Logbessou,7.9,Actif
CUST10817,TOURE Oumar,688055069,2021-05-23,Douala,Cité des Palmiers,37.8,Actif
CUST11696,Bertille oumarou,686726461,2021-05-25,Douala,Ndokotti,61.0,Actif
CUST11102,FOTSO Franck,615858241,2021-05-25,Douala,Bonapriso,18.9,Actif
CUST10504,Marie MVONDO,652133044,2021-05-25,Douala,Nkolmesseng,62.4,Actif
CUST11012,Vanessa ASSOUMOU,643876400,2021-05-26,Bafoussam,Tougang,43.46415432929565,Actif
CUST10225,ALI Margot,679008866,2021-05-26,Douala,Cité des Palmiers,74.9,Actif
CUST11645,Sophie ekani,633286644,2021-05-27,Douala,Akwa,43.46415432929565,Actif
CUST10320,TCHAMBA Hawa,626090908,2021-05-28,Yaounde,Etoudi,18.8,Actif
CUST10616,Christian MBARGA,655076693,2021-05-28,Bafoussam,Bamougoum,38.1,Actif
CUST11974,ORNELLA KOUAM,698010774,2021-05-29,Douala,Bepanda,28.6,Actif
CUST10661,Rodrigue onana,632151928,2021-05-29,Douala,Deido,14.3,Actif
CUST10842,DIALLO Boubacar,689133014,2021-05-29,Bafoussam,Ngouache,51.2,Inactif / Occasionnel
CUST11202,Kevin sow,636738452,2021-05-30,Douala,Mboppi,48.8,Actif
CUST17311,régine NDOUMBE,669023966,2021-06-01,Douala,Makepe,43.46415432929565,Inactif / Occasionnel
CUST10434,CONSTANT ABENA,630743797,2021-06-01,Yaounde,Emana,100.0,Actif
CUST11405,Nadège NGONO,614180968,2021-06-02,Yaounde,Madagascar,42.3,Actif
CUST17252,ETOA Djeneba,668614462,2021-06-03,Douala,Bepanda,35.8,Actif
CUST11035,Suzanne BELLO,648658617,2021-06-03,Yaounde,Santa Barbara,20.2,Actif
CUST10162,MARGOT TSIMI,636697396,2021-06-05,Yaounde,Jouvence,74.6,Actif
CUST11939,Saidou MAHAMADOU,688101741,2021-06-05,Douala,Ndokotti,50.3,Actif
CUST10812,ALI Régine,639742165,2021-06-06,Douala,Bonamoussadi,25.4,Actif
CUST11115,ALINE BILONG,654559574,2021-06-06,Bafoussam,Ngouache,43.46415432929565,Actif
CUST11921,FLORE MENDO,678131950,2021-06-08,Douala,Nyalla,12.5,Actif
CUST10097,SERGE MENDO,645935572,2021-06-09,Bafoussam,Ngouache,54.9,Inactif / Occasionnel
CUST11450,THIERRY COULIBALY,667279295,2021-06-10,Yaounde,Melen,61.0,Actif
CUST11730,SYLVAIN NGWA,654915875,2021-06-10,Yaounde,Mendong,100.0,Inactif / Occasionnel
CUST10387,Sandrine BILONG,637326368,2021-06-10,Douala,Kotto,45.8,Actif
CUST11404,Nadège KONE,696347724,2021-06-10,Yaounde,Mimboman,19.3,Inactif / Occasionnel
CUST10612,HAWA NDOUMBE,620399639,2021-06-10,Yaounde,Essos,78.2,Actif
CUST10936,Sandrine BOUKAR,693893865,2021-06-11,Douala,Bali,36.4,Inactif / Occasionnel
CUST10145,ALAIN MAHAMADOU,655657579,2021-06-11,Douala,PK8,43.8,Inactif / Occasionnel
CUST10013,Nadine ISSA,613999315,2021-06-14,Bafoussam,Baham-Route,39.0,Actif
CUST10297,Nadine MVONDO,649823450,2021-06-14,Yaounde,Mendong,49.9,Actif
CUST11689,Christelle etoa,678057490,2021-06-15,Yaounde,Messa,24.5,Inactif / Occasionnel
CUST11527,Jean ndzana,660491958,2021-06-15,Douala,Nyalla,100.0,Actif
CUST11837,BILONG Aminata,646613428,2021-06-15,Bafoussam,Bamougoum,82.2,Actif
CUST10491,Abdou MBARGA,644188276,2021-06-15,Douala,PK12,62.7,Actif
CUST11548,EKOTTO Sophie,675184410,2021-06-16,Yaounde,Bastos,31.6,Inactif / Occasionnel
CUST17295,OYONO Patricia,648250360,2021-06-17,Yaounde,Mvog-Mbi,89.3,Actif
CUST10462,ENGOLO Aïcha,654058573,2021-06-18,Yaounde,Biyem-Assi,68.2,Actif
CUST11589,Moussa HASSAN,699663907,2021-06-18,Yaounde,Madagascar,34.6,Actif
CUST17110,NGONO Prosper,666431351,2021-06-19,Douala,Cité des Palmiers,66.2,Actif
CUST10490,YAYA Viviane,635511941,2021-06-19,Douala,Cité des Palmiers,18.8,Actif
CUST10663,Pauline ELA,627129912,2021-06-19,Douala,Mboppi,58.2,Actif
CUST10695,Honoré feudjio,656970882,2021-06-20,Yaounde,Briqueterie,33.5,Actif
CUST10889,RODRIGUE GARBA,643311626,2021-06-20,Douala,Bonabéri,43.46415432929565,Inactif / Occasionnel
CUST11486,Cyrille MBARGA,630767532,2021-06-20,Douala,PK8,43.46415432929565,Actif
CUST10153,ROMAIN ISSA,677187530,2021-06-20,Bafoussam,Pefura,68.3,Actif
CUST11829,BALDE Khadija,659823245,2021-06-21,Yaounde,Etoudi,100.0,Actif
CUST11412,KOLLO Raoul,669533928,2021-06-21,Bafoussam,Mossap,43.46415432929565,Actif
CUST11505,Gisèle NKOUAM,691737913,2021-06-22,Douala,Ndogpassi,17.7,Actif
CUST12001,Jean ESSAMA,654012664,2021-06-22,Bafoussam,Djeleng,34.1,Actif
CUST11390,Franck FOUDA,670166480,2021-06-22,Douala,PK8,57.1,Actif
CUST10399,MARCEL NDZANA,610475894,2021-06-22,Douala,Village,50.6,Actif
CUST11946,Ibrahim BIYA,696274567,2021-06-22,Yaounde,Nlongkak,40.3,Actif
CUST17260,didier KOLLO,615684813,2021-06-23,Douala,Ndogpassi,48.0,Actif
CUST10882,Armelle TOURE,694482772,2021-06-23,Bafoussam,Baham-Route,53.8,Inactif / Occasionnel
CUST17115,OUMAR DJOUMESSI,688458327,2021-06-25,Bafoussam,Bamougoum,32.8,Actif
CUST10474,Romain OYONO,645059710,2021-06-26,Douala,Bepanda,34.9,Actif
CUST11453,EDITH KENFACK,644210729,2021-06-26,Douala,Bonapriso,43.46415432929565,Actif
CUST10497,Solange BOUKAR,636445607,2021-06-27,Yaounde,Elig-Edzoa,100.0,Inactif / Occasionnel
CUST17269,TCHIEMEGNI CARINE,611037490,2021-06-27,Yaounde,Obili,42.8,Actif
CUST10831,Serge tsimi,640942292,2021-06-29,Yaounde,Omnisport,58.1,Actif
CUST17324,Carine NGWA,618770247,2021-06-29,Douala,Nkolmesseng,33.5,Actif
CUST10516,Abdou NDZANA,627084279,2021-06-29,Yaounde,Biyem-Assi,55.0,Actif
CUST11183,Kevin TEGUIA,644088261,2021-06-29,Yaounde,Messa,52.2,Actif
CUST10827,Pauline NGANSO,670900658,2021-06-30,Douala,Ndogpassi,100.0,Actif
CUST11608,ERIC ESSAMA,612799319,2021-07-01,Bafoussam,Lekie,16.3,Actif
CUST10990,Evelyne essama,695199362,2021-07-04,Douala,Akwa,46.1,Actif
CUST10161,Stéphane NDOUMBE,691734598,2021-07-06,Douala,Ndog-Bong,31.3,Actif
CUST11335,NTONGO Marie,658140388,2021-07-07,Yaounde,Briqueterie,22.8,Actif
CUST10867,ALI Djeneba,648163378,2021-07-07,Douala,Ndog-Bong,69.2,Actif
CUST11889,Suzanne MAROUF,695758649,2021-07-07,Bafoussam,Kamkop,49.3,Actif
CUST11002,Abdou NDOUMBE,665250068,2021-07-08,Bafoussam,Tougang,68.8,Actif
CUST10231,KOUAM Khadija,682374753,2021-07-08,Bafoussam,Baham-Route,54.4,Actif
CUST10746,Thierry MINLO,619255216,2021-07-09,Douala,Akwa,41.5,Inactif / Occasionnel
CUST11229,Prosper TEGUIA,693334601,2021-07-09,Bafoussam,Baham-Route,43.46415432929565,Actif
CUST12082,Therese KOUYATE,683819367,2021-07-10,Douala,Mboppi,66.1,Actif
CUST12016,Alain DAWA,646850196,2021-07-10,Yaounde,Ngoa-Ekele,100.0,Actif
CUST11036,Mariama ESSAMA,668802946,2021-07-11,Yaounde,Messa,32.8,Actif
CUST11139,Yvette tamba,675491202,2021-07-12,Yaounde,Santa Barbara,18.1,Actif
CUST11642,KEVIN MBARGA,629655410,2021-07-12,Douala,Village,53.1,Actif
CUST11487,Solange IBRAHIM,698145654,2021-07-13,Yaounde,Nlongkak,36.3,Actif
CUST10949,KOUYATE Gaston,618004482,2021-07-14,Yaounde,Ngoa-Ekele,67.5,Actif
CUST10346,Sophie belinga,619736572,2021-07-15,Bafoussam,Tougang,46.5,Actif
CUST11270,Jean KEITA,662958901,2021-07-19,Yaounde,Obili,34.9,Actif
CUST10456,Gaston DJOUMESSI,640547349,2021-07-19,Douala,Makepe,24.0,Actif
CUST10982,Sandrine OUMAROU,673149551,2021-07-19,Douala,Kotto,68.0,Actif
CUST11709,Boris TALLA,677719420,2021-07-20,Douala,New-Bell,34.2,Actif
CUST10029,Ghislain KOLLO,610872248,2021-07-20,Douala,Yassa,47.5,Actif
CUST11902,Wilfried KONE,629270557,2021-07-20,Yaounde,Efoulan,51.4,Actif
CUST11349,Christelle ndikum,616788532,2021-07-21,Douala,Mboppi,57.3,Actif
CUST11981,FATIMA MINLO,669020451,2021-07-21,Douala,Bali,23.6,Actif
CUST10501,Astride feze,699152472,2021-07-22,Douala,Ndokotti,61.2,Actif
CUST11797,Rodrigue BARRY,668743530,2021-07-23,Douala,Beedi,9.5,Actif
CUST11188,Bernard NKODO,672445234,2021-07-23,Douala,Yassa,17.5,Actif
CUST12036,Solange nkodo,661385847,2021-07-23,Douala,PK8,16.2,Actif
CUST11143,Joëlle KOLLO,619183277,2021-07-23,Douala,Mboppi,28.8,Actif
CUST11535,Bertille TCHIEMEGNI,686181117,2021-07-24,Douala,Bonamoussadi,84.9,Actif
CUST10824,OUMAR ESSAMA,683871890,2021-07-24,Bafoussam,Ndiengdam,35.8,Actif
CUST11986,Rémi mendo,676776459,2021-07-24,Douala,Village,4.8,Actif
CUST11185,Aline TOURE,644269370,2021-07-24,Douala,Makepe,61.3,Actif
CUST12079,Sandrine MONGO,699635939,2021-07-24,Douala,Mboppi,45.6,Actif
CUST12005,Didier DAWA,669849800,2021-07-26,Yaounde,Obili,75.5,Actif
CUST10313,Gustave GARBA,620752378,2021-07-26,Yaounde,Mvog-Mbi,43.46415432929565,Actif
CUST10560,FEUDJIO Patrick,673771720,2021-07-26,Bafoussam,Baham-Route,30.1,Actif
CUST11611,NJIEMOUN Serge,692963368,2021-07-26,Yaounde,Efoulan,43.46415432929565,Actif
CUST10916,Solange mengue,631079846,2021-07-27,Bafoussam,Djeleng,32.1,Inactif / Occasionnel
CUST11047,OUMAR MAHAMADOU,684121929,2021-07-28,Douala,Bali,20.8,Actif
CUST11285,Rodrigue KOUYATE,613358751,2021-07-30,Yaounde,Santa Barbara,72.3,Actif
CUST11750,Evelyne TSIMI,662607710,2021-07-30,Douala,Logbessou,66.4,Actif
CUST11896,EKANI Boris,681947921,2021-07-31,Douala,Bepanda,40.6,Actif
CUST10619,OUMAROU Joëlle,620814950,2021-08-01,Yaounde,Santa Barbara,12.6,Actif
CUST10305,Astride mbassi,616729990,2021-08-03,Douala,Ndog-Bong,58.8,Inactif / Occasionnel
CUST12091,Régine WAMBA,640097200,2021-08-04,Douala,Bali,23.9,Inactif / Occasionnel
CUST11587,NGOUFO Flore,677144075,2021-08-04,Yaounde,Mimboman,30.3,Actif
CUST17245,hassan Flore,672409658,2021-08-05,Douala,Ndog-Bong,71.0,Actif
CUST10372,TRAORE Baudouin,684437458,2021-08-05,Yaounde,Briqueterie,33.7,Actif
CUST11432,STÉPHANE MBASSI,691259008,2021-08-06,Bafoussam,Famla,5.2,Actif
CUST10673,MAROUF Estelle,696268397,2021-08-06,Douala,Ndogpassi,67.2,Actif
CUST10204,Joëlle CISSE,670597444,2021-08-08,Douala,Deido,43.46415432929565,Actif
CUST10295,SERGE YAYA,630776478,2021-08-08,Bafoussam,Lekie,53.8,Actif
CUST10212,Armelle GARBA,684346088,2021-08-08,Yaounde,Mendong,28.4,Actif
CUST10467,Régine ABENA,696098221,2021-08-08,Douala,Nyalla,100.0,Actif
CUST10118,ALI Christian,663606628,2021-08-09,Yaounde,Nkomo,69.7,Actif
CUST17299,Fatima BARKA,615879578,2021-08-09,Bafoussam,Baham-Route,67.2,Actif
CUST11538,Moussa essama,617061037,2021-08-11,Douala,New-Bell,50.1,Actif
CUST10970,Patrick SOW,691029073,2021-08-11,Yaounde,Omnisport,31.4,Actif
CUST10499,Modibo MAROUF,667887757,2021-08-12,Douala,Beedi,44.4,Actif
CUST10635,ELA Aurelie,666390708,2021-08-13,Douala,New-Bell,22.2,Actif
CUST10045,IBRAHIM AKONO,615831819,2021-08-13,Bafoussam,Ngouache,43.46415432929565,Actif
CUST10508,Viviane DOUMBIA,678064830,2021-08-14,Yaounde,Mokolo,25.7,Actif
CUST10723,Stanislas NDONGO,624508768,2021-08-14,Douala,Makepe,74.9,Actif
CUST10026,Christiane AKONO,670291817,2021-08-15,Bafoussam,Ndiengdam,47.7,Actif
CUST12002,Achille NGANSO,698707076,2021-08-15,Bafoussam,Kamkop,28.5,Actif
CUST11807,Moussa ESSAMA,681673763,2021-08-16,Douala,Kotto,22.6,Actif
CUST11195,KOLLO Stéphane,688862539,2021-08-17,Douala,Bepanda,27.0,Inactif / Occasionnel
CUST11662,KONE Saidou,694183695,2021-08-17,Douala,Bonamoussadi,18.5,Actif
CUST11606,VIVIANE TAMBA,625458308,2021-08-19,Douala,Bonamoussadi,30.0,Actif
CUST10703,Thierry keita,636757737,2021-08-19,Douala,Makepe,19.8,Actif
CUST10192,ATEBA Gaston,680823176,2021-08-19,Douala,PK12,31.5,Actif
CUST10438,Djeneba DIBOTI,665337219,2021-08-19,Douala,Ndog-Bong,54.8,Actif
CUST10081,NJIEMOUN Ghislain,632969840,2021-08-20,Douala,Deido,43.46415432929565,Actif
CUST10052,ACHILLE NGUEFACK,649349722,2021-08-21,Douala,Akwa,52.9,Actif
CUST11168,MBOCK Norbert,685957578,2021-08-22,Douala,Village,31.5,Actif
CUST11339,ALI Viviane,635475673,2021-08-22,Bafoussam,Tamdja,41.3,Actif
CUST10086,KOLLO Flore,660929647,2021-08-24,Yaounde,Santa Barbara,43.46415432929565,Actif
CUST10000,NGOUFO Aminata,695822412,2021-08-24,Yaounde,Mimboman,8.7,Actif
CUST10413,TCHAMBA Therese,683227889,2021-08-24,Douala,Ndogpassi,65.0,Actif
CUST11175,MONGO Paul,693176117,2021-08-26,Yaounde,Tsinga,11.8,Actif
CUST10341,Paul ABENA,627566185,2021-08-26,Yaounde,Madagascar,39.0,Actif
CUST10569,Aminata MBOA,676354180,2021-08-26,Bafoussam,Ndiengdam,50.2,Actif
CUST10051,FLORE TCHOUPO,684093639,2021-08-26,Douala,Nkolmesseng,100.0,Actif
CUST11436,Marcel bilong,697874085,2021-08-26,Bafoussam,Bamendzi,16.2,Actif
CUST11592,Josephine BARKA,663293990,2021-08-29,Douala,Mboppi,23.1,Inactif / Occasionnel
CUST11032,Sylvain etoundi,645843681,2021-08-29,Douala,Beedi,66.1,Actif
CUST10825,Ornella ETOA,654398056,2021-08-30,Yaounde,Mendong,11.0,Actif
CUST10500,Boubacar FOTSO,619391725,2021-08-30,Yaounde,Biyem-Assi,9.7,Actif
CUST10531,Franck ALI,667698610,2021-08-30,Yaounde,Briqueterie,43.46415432929565,Actif
CUST10378,Fatoumata COULIBALY,625492573,2021-09-01,Bafoussam,Mossap,15.2,Actif
CUST10444,Christiane ABATE,643308443,2021-09-01,Bafoussam,Mossap,87.2,Actif
CUST11104,JOSEPHINE CAMARA,673481797,2021-09-01,Douala,Deido,21.7,Actif
CUST11832,HONORÉ FEZE,679244185,2021-09-01,Yaounde,Mendong,56.8,Actif
CUST11177,Didier belinga,676795767,2021-09-01,Yaounde,Mendong,59.7,Actif
CUST11752,Edith TRAORE,689865081,2021-09-02,Douala,Ndog-Bong,77.3,Actif
CUST11519,Vanessa FEUDJIO,663792364,2021-09-02,Douala,Ndokotti,66.0,Inactif / Occasionnel
CUST11663,Mariama KENFACK,652431444,2021-09-02,Douala,Ndokotti,46.3,Actif
CUST11328,Armel AKONO,669686067,2021-09-04,Douala,Deido,47.2,Actif
CUST12070,HONORÉ ABENA,636867482,2021-09-04,Bafoussam,Centre Ville,9.4,Actif
CUST10937,Viviane DJOKAM,689160218,2021-09-05,Douala,Ndokotti,33.3,Actif
CUST10340,ETOA Flore,663121477,2021-09-06,Douala,Ndogpassi,45.3,Inactif / Occasionnel
CUST10603,ISABELLE ESSOH,643183955,2021-09-07,Douala,Ndog-Bong,29.8,Actif
CUST10073,Abdou WAMBA,657683626,2021-09-07,Douala,PK8,26.9,Actif
CUST11007,LUC BALDE,683832717,2021-09-08,Yaounde,Obili,45.4,Actif
CUST17129,Carine ONANA,671315464,2021-09-09,Yaounde,Biyem-Assi,84.1,Actif
CUST11054,ARMELLE ESSAMA,696934122,2021-09-10,Douala,Beedi,67.4,Actif
CUST10046,BORIS BALENG,671662963,2021-09-12,Yaounde,Elig-Edzoa,79.8,Actif
CUST10876,ALEXIS TOURE,625312516,2021-09-12,Yaounde,Bastos,41.5,Actif
CUST10149,Fatoumata FOMEKONG,631227574,2021-09-12,Yaounde,Nkol-Eton,37.1,Actif
CUST11515,Ghislain DJOUMESSI,634347841,2021-09-12,Yaounde,Santa Barbara,40.8,Actif
CUST10927,MARLÈNE ESSOH,649092160,2021-09-13,Yaounde,Mimboman,21.3,Actif
CUST11882,Nadège nganso,648668339,2021-09-13,Douala,Bonabéri,20.7,Actif
CUST11636,Gaston MVONDO,656892354,2021-09-13,Bafoussam,Pefura,43.46415432929565,Actif
CUST10686,Mariama NDOUMBE,660885459,2021-09-13,Douala,Logbessou,10.2,Inactif / Occasionnel
CUST11321,RÉGINE MAHAMADOU,692631441,2021-09-15,Douala,Akwa,59.2,Actif
CUST17113,epee Ghislain,621257528,2021-09-15,Yaounde,Etoudi,32.7,Actif
CUST17122,ABATE Solange,617032877,2021-09-15,Bafoussam,Ngouache,56.1,Actif
CUST10367,Colette NGAMOURI,692097999,2021-09-16,Yaounde,Bastos,39.8,Actif
CUST11970,CAMARA Luc,635649468,2021-09-16,Yaounde,Mendong,21.8,Actif
CUST10322,Nadège GARBA,643046464,2021-09-17,Douala,Logbessou,38.7,Actif
CUST17138,achille EBOUELE,657123808,2021-09-17,Douala,Mboppi,43.46415432929565,Actif
CUST10993,Franck ELA,673083727,2021-09-19,Bafoussam,Tamdja,100.0,Actif
CUST17204,Laure ABENA,620633503,2021-09-21,Bafoussam,Ndiengdam,46.9,Actif
CUST11150,Carine TEGUIA,623212812,2021-09-21,Douala,Bonapriso,7.5,Actif
CUST17148,PAUL TCHIEMEGNI,678248169,2021-09-21,Douala,Bali,61.0,Actif
CUST11465,MARLÈNE NJIEMOUN,684674816,2021-09-21,Douala,PK12,40.9,Actif
CUST10316,Norbert NDONGO,689864260,2021-09-21,Yaounde,Tsinga,64.3,Actif
CUST10383,Bernard NGAMOURI,647816686,2021-09-22,Yaounde,Essos,61.7,Actif
CUST11403,TRAORE Nadège,671477426,2021-09-22,Yaounde,Bastos,52.8,Actif
CUST10142,RODRIGUE ALI,682070937,2021-09-23,Yaounde,Bastos,44.8,Actif
CUST11224,DJENEBA KEITA,691478884,2021-09-24,Bafoussam,Tamdja,44.5,Actif
CUST11439,Paul NDONGO,638859907,2021-09-28,Douala,Yassa,61.0,Actif
CUST11934,Florent EBOUELE,656278607,2021-09-28,Yaounde,Essos,26.5,Actif
CUST10112,Mireille ONANA,685345555,2021-10-01,Douala,Ndog-Bong,16.3,Actif
CUST10457,Ibrahim talla,639920292,2021-10-01,Yaounde,Biyem-Assi,100.0,Actif
CUST11726,GISÈLE COULIBALY,690246882,2021-10-04,Yaounde,Tsinga,19.3,Inactif / Occasionnel
CUST10902,Guy sidibe,688990506,2021-10-04,Douala,New-Bell,41.1,Actif
CUST11932,Khadija HASSAN,657928328,2021-10-05,Yaounde,Bastos,64.6,Actif
CUST17314,Raoul KOLLO,645594597,2021-10-06,Yaounde,Etoudi,25.8,Actif
CUST17373,njoh Rémi,684903294,2021-10-06,Bafoussam,Bamougoum,63.5,Actif
CUST10585,Modibo BALDE,671265269,2021-10-08,Yaounde,Melen,61.0,Inactif / Occasionnel
CUST11307,Gustave ESSOH,682148284,2021-10-09,Douala,Ngodi-Bakoko,34.7,Actif
CUST10189,Hamidou sangare,683793389,2021-10-09,Douala,Logbessou,3.0,Actif
CUST10771,HASSAN Laure,653258988,2021-10-09,Bafoussam,Lekie,38.8,Actif
CUST11567,ATEBA Alexis,663051354,2021-10-11,Douala,Cité des Palmiers,30.4,Actif
CUST10502,ATEBA Wilfried,654318698,2021-10-12,Douala,PK12,53.5,Actif
CUST10144,Cyrille TSIMI,696028436,2021-10-13,Douala,Akwa,78.8,Actif
CUST11196,Marie OBAMA,650151803,2021-10-14,Yaounde,Jouvence,12.4,Actif
CUST11417,BERNARD AKONO,629909029,2021-10-14,Yaounde,Essos,7.7,Actif
CUST17119,KENFACK Sylvain,630509175,2021-10-14,Douala,Bepanda,58.3,Actif
CUST10770,MARLÈNE GARBA,646023439,2021-10-15,Yaounde,Nkol-Eton,57.4,Actif
CUST10298,MARCEL FOFANA,639219319,2021-10-15,Douala,Kotto,34.8,Actif
CUST11523,EKOTTO Hervé,614114726,2021-10-15,Douala,Logbessou,55.1,Actif
CUST11296,ACHILLE ONANA,697139443,2021-10-17,Douala,New-Bell,32.4,Actif
CUST17250,NGWA Rodrigue,663423225,2021-10-19,Douala,Deido,41.9,Actif
CUST11123,Fatoumata SANGARE,665026398,2021-10-20,Yaounde,Biyem-Assi,43.46415432929565,Actif
CUST10884,BIKELE Rodrigue,630364454,2021-10-23,Yaounde,Obili,43.46415432929565,Actif
CUST10839,Marcel OUMAROU,639042654,2021-10-23,Bafoussam,Ngouache,45.4,Actif
CUST10513,FOMEKONG Sandrine,664009265,2021-10-24,Bafoussam,Baham-Route,52.9,Actif
CUST11982,KOLLO Boris,661894582,2021-10-24,Bafoussam,Ngouache,100.0,Actif
CUST11093,Aminata ABOUNA,660628276,2021-10-25,Bafoussam,Pefura,12.2,Actif
CUST10522,MARLÈNE IBRAHIM,692613013,2021-10-25,Yaounde,Madagascar,100.0,Inactif / Occasionnel
CUST11031,Gaston KENFACK,637321124,2021-10-25,Bafoussam,Centre Ville,36.7,Actif
CUST10707,Christelle barka,642016960,2021-10-27,Yaounde,Briqueterie,35.5,Actif
CUST11416,NORBERT MENDO,691644298,2021-10-29,Douala,Akwa,25.2,Actif
CUST11299,Rabi NKUISSI,628760553,2021-10-30,Douala,Beedi,59.6,Actif
CUST10364,Colette SOW,668812137,2021-10-30,Yaounde,Bastos,100.0,Actif
CUST12088,Mariama AKONO,633366099,2021-10-30,Yaounde,Santa Barbara,36.4,Actif
CUST17217,CISSE JEAN,689609131,2021-10-31,Yaounde,Mvog-Mbi,9.7,Actif
CUST10840,Rémi BALDE,674988034,2021-10-31,Douala,Ndog-Bong,49.1,Actif
CUST10090,Céline DAWA,639476249,2021-10-31,Douala,Kotto,56.9,Actif
CUST10096,RÉGINE LOBE,663843426,2021-11-01,Douala,PK8,20.3,Actif
CUST11369,Bernard onana,643642236,2021-11-01,Yaounde,Mokolo,10.2,Actif
CUST11044,Stanislas ENGOLO,651708177,2021-11-02,Yaounde,Essos,35.8,Actif
CUST10645,Lydie WAMBA,662343121,2021-11-02,Yaounde,Mvog-Mbi,52.9,Actif
CUST17338,Aminata IBRAHIM,634391257,2021-11-04,Yaounde,Santa Barbara,86.9,Actif
CUST10605,Hamidou SOW,647220099,2021-11-05,Douala,Ndokotti,14.2,Actif
CUST11906,Jules SIDIBE,692518345,2021-11-06,Douala,Nkolmesseng,19.1,Inactif / Occasionnel
CUST17190,nkuissi Aurelie,630881581,2021-11-08,Yaounde,Omnisport,51.3,Actif
CUST11843,RABI NKOLO,639801436,2021-11-08,Douala,Bepanda,21.1,Actif
CUST10488,SANGARE Emmanuel,661700055,2021-11-10,Bafoussam,Centre Ville,20.1,Actif
CUST10758,Yvette MAROUF,630534124,2021-11-10,Yaounde,Elig-Edzoa,10.3,Actif
CUST11138,Raoul abate,694127561,2021-11-11,Bafoussam,Tougang,39.9,Actif
CUST12053,Denise NGOUFO,647405107,2021-11-14,Douala,Cité des Palmiers,35.4,Actif
CUST11502,Nadège ENGOLO,696261621,2021-11-14,Bafoussam,Baham-Route,66.5,Actif
CUST11062,Mariama SOW,673380266,2021-11-15,Douala,Yassa,26.8,Actif
CUST11215,Aminata DOUMBIA,663124147,2021-11-15,Bafoussam,Ngouache,74.0,Actif
CUST11973,Josephine NGUEFACK,616416148,2021-11-16,Yaounde,Mokolo,30.9,Actif
CUST10654,Constant NJIEMOUN,668496914,2021-11-16,Yaounde,Mokolo,77.4,Actif
CUST11216,Guy nkolo,646840133,2021-11-16,Douala,Mboppi,57.5,Actif
CUST10290,Sandrine COULIBALY,648285503,2021-11-17,Douala,Ndogpassi,78.4,Inactif / Occasionnel
CUST10567,NJIEMOUN Aminata,636096655,2021-11-17,Bafoussam,Tougang,28.2,Actif
CUST11557,Carine BARRY,667702031,2021-11-19,Bafoussam,Lekie,21.9,Actif
CUST10099,Kevin BIYA,638317637,2021-11-19,Douala,Makepe,10.3,Actif
CUST11497,JOSEPHINE CISSE,640354559,2021-11-20,Yaounde,Briqueterie,20.2,Actif
CUST10461,MAROUF Evelyne,663481198,2021-11-23,Douala,Bonapriso,43.46415432929565,Actif
CUST10148,Oumar ETOA,668353204,2021-11-23,Bafoussam,Mossap,100.0,Inactif / Occasionnel
CUST10075,PATRICIA ELA,699949389,2021-11-23,Douala,Ndog-Bong,50.9,Inactif / Occasionnel
CUST10699,Pierre ela,697477029,2021-11-24,Bafoussam,Djeleng,43.46415432929565,Actif
CUST11955,Prosper KENFACK,614963880,2021-11-25,Douala,Ndokotti,13.7,Actif
CUST11279,NDONGO Alexis,661140376,2021-11-25,Douala,Akwa,11.2,Actif
CUST11526,Aminata ela,638874646,2021-11-26,Yaounde,Mendong,29.2,Actif
CUST10547,SANGARE Eric,699100953,2021-11-26,Yaounde,Elig-Edzoa,100.0,Actif
CUST11638,EDITH EKOTTO,696629889,2021-11-27,Yaounde,Obili,24.6,Inactif / Occasionnel
CUST17357,gustave ela,649392920,2021-11-27,Douala,Mboppi,22.7,Actif
CUST11280,TAKAM Sandrine,695704631,2021-11-27,Bafoussam,Bamendzi,58.1,Actif
CUST10390,Moussa ALI,677834855,2021-11-28,Yaounde,Madagascar,70.8,Actif
CUST10079,KAMGA Nadège,691756179,2021-11-28,Douala,Ndog-Bong,75.0,Actif
CUST11827,Norbert MENGUE,696057593,2021-11-28,Bafoussam,Baham-Route,29.0,Actif
CUST10025,MBOCK Rabi,639587039,2021-11-29,Douala,Ndogpassi,30.2,Actif
CUST10139,Gustave YAYA,684252722,2021-11-30,Yaounde,Emana,37.2,Actif
CUST11276,Sylvain BIKELE,659470729,2021-12-01,Yaounde,Tsinga,100.0,Actif
CUST10095,Didier NGWA,652339391,2021-12-04,Douala,Logbessou,74.7,Actif
CUST11145,Sophie KONE,694712997,2021-12-04,Yaounde,Elig-Edzoa,40.0,Actif
CUST10941,Hervé HASSAN,625405014,2021-12-04,Yaounde,Nlongkak,0.5,Actif
CUST11614,NGAMOURI Romain,621828592,2021-12-05,Yaounde,Mvog-Mbi,26.9,Actif
CUST10537,Colette NKOUAM,669295515,2021-12-05,Yaounde,Efoulan,30.4,Actif
CUST11683,Rémi DJOUMESSI,648530827,2021-12-06,Yaounde,Santa Barbara,42.4,Actif
CUST10885,NDJOCK Suzanne,630024960,2021-12-07,Douala,Logbessou,100.0,Actif
CUST11178,Serge ABATE,688270025,2021-12-08,Douala,Ndogpassi,56.3,Actif
CUST11424,Laure etoundi,683599154,2021-12-09,Bafoussam,Lekie,32.1,Actif
CUST11733,Colette EKANI,622684373,2021-12-10,Douala,Beedi,28.4,Actif
CUST10351,MARCEL BIYA,623419256,2021-12-10,Yaounde,Messa,57.0,Actif
CUST11743,FEZE Thierry,688213973,2021-12-11,Douala,Cité des Palmiers,48.8,Actif
CUST17331,astride EKANI,633640702,2021-12-12,Yaounde,Ngoa-Ekele,29.9,Actif
CUST10727,Pierre AMOUGOU,687282128,2021-12-12,Yaounde,Efoulan,35.5,Actif
CUST10943,Evelyne mboa,640173413,2021-12-12,Yaounde,Mvog-Mbi,62.2,Actif
CUST10638,Lydie etoa,612621534,2021-12-13,Yaounde,Bastos,59.3,Actif
CUST10724,FLORE ESSAMA,687669750,2021-12-13,Douala,Mboppi,59.1,Actif
CUST11039,ENGOLO Patrick,613874790,2021-12-15,Douala,Ndokotti,54.9,Actif
CUST10731,Marcel OUMAROU,620200074,2021-12-15,Douala,Bonanjo,76.6,Actif
CUST10664,ARMEL KOUYATE,693517915,2021-12-16,Douala,Bonapriso,43.46415432929565,Actif
CUST10106,Aurelie ASSOUMOU,696282117,2021-12-16,Douala,Bonanjo,37.6,Actif
CUST11968,Norbert EBOUELE,614915156,2021-12-20,Bafoussam,Bamendzi,8.7,Actif
CUST10292,Fatoumata NKOLO,684593961,2021-12-20,Douala,Akwa,56.4,Actif
CUST11684,Pauline ateba,620298660,2021-12-20,Douala,Ndog-Bong,39.5,Actif
CUST11393,Jules DAWA,689680504,2021-12-21,Douala,Ndog-Bong,28.4,Actif
CUST10741,Joëlle ASSOUMOU,656600900,2021-12-22,Douala,Yassa,58.5,Actif
CUST10380,NJIEMOUN Estelle,684252420,2021-12-22,Yaounde,Efoulan,18.6,Actif
CUST10301,Viviane fotso,682772208,2021-12-23,Bafoussam,Kamkop,51.7,Actif
CUST11776,Fatima EKANI,640406092,2021-12-23,Douala,Beedi,46.6,Actif
CUST11522,Guy ABENA,694982908,2021-12-23,Douala,Makepe,80.8,Actif
CUST10267,Aline MBASSI,620117988,2021-12-23,Douala,Bonanjo,68.2,Actif
CUST10299,ALEXIS MBASSI,617849494,2021-12-23,Yaounde,Nlongkak,28.6,Inactif / Occasionnel
CUST11644,Romain KOUAM,636477373,2021-12-24,Douala,Nkolmesseng,66.3,Actif
CUST17107,BALENG GUY,684411983,2021-12-24,Bafoussam,Pefura,63.6,Actif
CUST10742,IBRAHIM TAKAM,681503856,2021-12-26,Douala,Bali,45.7,Actif
CUST11510,NDOUMBE Sandrine,646677730,2021-12-26,Yaounde,Efoulan,40.0,Inactif / Occasionnel
CUST11429,MVONDO Ornella,649580505,2021-12-27,Bafoussam,Bamendzi,66.3,Actif
CUST10630,Franck ELA,682828034,2021-12-28,Bafoussam,Lekie,49.5,Actif
CUST11008,Christelle EKOTTO,614925405,2021-12-28,Douala,Mboppi,36.9,Actif
CUST10559,Vanessa NGWA,642862209,2021-12-29,Douala,New-Bell,43.46415432929565,Actif
CUST11942,Aurelie ELA,615950635,2021-12-29,Yaounde,Nlongkak,29.2,Actif
CUST11545,Laurent BALENG,669473616,2021-12-31,Yaounde,Obili,58.5,Actif
CUST11575,Colette traore,644295247,2022-01-01,Bafoussam,Djeleng,33.3,Actif
CUST10857,Patrick ATEBA,616109013,2022-01-01,Yaounde,Biyem-Assi,13.6,Actif
CUST11084,MIREILLE HASSAN,675718414,2022-01-01,Yaounde,Santa Barbara,54.8,Actif
CUST11205,Rodrigue IBRAHIM,624314759,2022-01-01,Douala,Bepanda,100.0,Actif
CUST10676,Aurelie DJOUMESSI,671968116,2022-01-02,Douala,Beedi,60.3,Actif
CUST11311,Ghislain OUMAROU,659796322,2022-01-03,Yaounde,Etoudi,43.0,Actif
CUST10060,Denise FEUDJIO,698753260,2022-01-03,Yaounde,Efoulan,54.6,Actif
CUST11547,Saidou bikele,666910299,2022-01-03,Douala,Nkolmesseng,100.0,Actif
CUST10420,Rodrigue FEUDJIO,627105448,2022-01-04,Bafoussam,Centre Ville,40.3,Actif
CUST11686,MBARGA Bertille,622119391,2022-01-05,Douala,Bali,24.1,Actif
CUST11366,Mireille MONGO,629419691,2022-01-05,Yaounde,Etoudi,35.4,Actif
CUST11221,NDOUMBE Gustave,676669607,2022-01-08,Douala,Beedi,16.9,Actif
CUST10541,Thierry KENFACK,673509974,2022-01-09,Yaounde,Omnisport,83.3,Actif
CUST11786,EBOUELE Vanessa,698842638,2022-01-10,Douala,New-Bell,21.1,Actif
CUST11858,Aurelie BALDE,652773159,2022-01-10,Douala,Nkolmesseng,28.1,Actif
CUST11441,PATRICK MBARGA,670606674,2022-01-10,Douala,Logbessou,44.9,Actif
CUST11995,Chancelle toure,634220459,2022-01-11,Douala,Nkolmesseng,19.8,Actif
CUST10031,BALDE Gaston,666722344,2022-01-12,Douala,Logbessou,19.8,Actif
CUST10534,Suzanne SANGARE,697873101,2022-01-13,Douala,Kotto,46.2,Actif
CUST17139,Pauline KAMGA,626354208,2022-01-14,Douala,Bepanda,14.7,Actif
CUST11953,Laure FEUDJIO,618469210,2022-01-15,Douala,Bali,58.4,Actif
CUST10428,Pauline belinga,699514287,2022-01-16,Bafoussam,Ngouache,32.1,Actif
CUST17277,obama Armelle,642949803,2022-01-16,Douala,Nkolmesseng,31.5,Actif
CUST11755,Denise MINLO,685017250,2022-01-16,Douala,Bonanjo,43.46415432929565,Inactif / Occasionnel
CUST10107,AÏCHA NGONO,671586053,2022-01-17,Douala,Ndog-Bong,48.0,Actif
CUST11971,SOPHIE ETOA,648401154,2022-01-17,Yaounde,Obili,37.8,Actif
CUST10655,GISÈLE NGANSO,675181765,2022-01-18,Douala,Mboppi,48.8,Actif
CUST11129,Laurent KONE,655440919,2022-01-18,Douala,Bali,58.5,Actif
CUST10584,Astride KEITA,626288475,2022-01-19,Douala,Deido,57.8,Actif
CUST11252,BAUDOUIN MBARGA,659104566,2022-01-19,Douala,Akwa,30.1,Actif
CUST10646,Régine ateba,666240084,2022-01-19,Yaounde,Santa Barbara,32.1,Inactif / Occasionnel
CUST10649,Ghislain COULIBALY,690967191,2022-01-20,Yaounde,Mokolo,25.0,Actif
CUST11219,Bernard NDIKUM,616582607,2022-01-20,Douala,Ndogpassi,100.0,Actif
CUST10286,Yvette SANGARE,610289289,2022-01-20,Yaounde,Tsinga,27.9,Actif
CUST11738,Pauline TCHAMBA,698122539,2022-01-20,Douala,Nyalla,44.0,Inactif / Occasionnel
CUST11892,EKANI Kevin,618429833,2022-01-20,Yaounde,Efoulan,13.2,Actif
CUST10181,Colette FOFANA,621496211,2022-01-21,Bafoussam,Bamendzi,17.1,Actif
CUST10007,Joëlle OBAMA,623756669,2022-01-21,Douala,Bonabéri,100.0,Actif
CUST11192,KHADIJA TALLA,619913576,2022-01-21,Douala,Bali,13.3,Actif
CUST11591,ISABELLE TCHIEMEGNI,619673809,2022-01-23,Yaounde,Mendong,65.0,Actif
CUST10382,LAURENT MENDO,646553958,2022-01-23,Bafoussam,Ngouache,71.3,Actif
CUST10929,Colette TEGUIA,641068214,2022-01-23,Douala,Yassa,15.3,Actif
CUST17274,OYONO Aurelie,679519112,2022-01-24,Douala,Bepanda,43.6,Actif
CUST11304,LUC KOUYATE,625585427,2022-01-26,Bafoussam,Centre Ville,43.8,Actif
CUST10195,Armel ATEBA,638427073,2022-01-26,Yaounde,Melen,9.5,Actif
CUST10263,Gustave MENDO,634627347,2022-01-30,Douala,Cité des Palmiers,20.8,Actif
CUST17319,oumar FOUDA,634970946,2022-01-30,Yaounde,Briqueterie,69.0,Actif
CUST10492,Luc DIALLO,615957459,2022-01-31,Douala,Ngodi-Bakoko,69.7,Inactif / Occasionnel
CUST10394,OUMAR EPEE,622388090,2022-02-01,Douala,Nyalla,43.46415432929565,Actif
CUST10002,Evelyne DIALLO,613356886,2022-02-01,Douala,Bonapriso,30.9,Actif
CUST10432,Fatoumata TCHOUPO,664543049,2022-02-03,Bafoussam,Tougang,37.6,Actif
CUST10503,Honoré TCHOUPO,693638503,2022-02-04,Yaounde,Emana,100.0,Inactif / Occasionnel
CUST11831,Nadine NTONGO,623769360,2022-02-04,Douala,Akwa,24.4,Actif
CUST10681,Nadège ngono,653936531,2022-02-05,Douala,Bonanjo,70.1,Inactif / Occasionnel
CUST11091,Rabi NDIKUM,684077101,2022-02-05,Douala,Yassa,16.5,Inactif / Occasionnel
CUST10169,Djeneba ENGOLO,690388981,2022-02-06,Douala,Nyalla,56.5,Actif
CUST10119,BELINGA Serge,658586340,2022-02-06,Bafoussam,Pefura,7.2,Actif
CUST10493,STÉPHANE DIBOTI,668526649,2022-02-07,Yaounde,Obili,33.8,Actif
CUST12035,Baudouin NDOUMBE,658607028,2022-02-07,Douala,Bonamoussadi,34.1,Inactif / Occasionnel
CUST10396,ISABELLE DJOUMESSI,666851377,2022-02-08,Douala,Makepe,52.9,Actif
CUST10581,Norbert EKOTTO,616740197,2022-02-11,Douala,PK12,52.2,Actif
CUST10368,AÏCHA ABENA,697775215,2022-02-11,Bafoussam,Djeleng,7.0,Actif
CUST11760,CHANCELLE BARKA,699941500,2022-02-12,Douala,Village,47.5,Inactif / Occasionnel
CUST11014,Viviane NGUEFACK,625558733,2022-02-12,Douala,Bepanda,43.46415432929565,Actif
CUST11585,EKOTTO Marie,681481992,2022-02-13,Yaounde,Madagascar,70.5,Actif
CUST10264,Oumar obama,647385696,2022-02-13,Douala,Yassa,39.4,Actif
CUST17378,epee Thierry,624972279,2022-02-13,Douala,Akwa,21.9,Actif
CUST11317,Boubacar HASSAN,665684858,2022-02-14,Yaounde,Mokolo,43.46415432929565,Actif
CUST10324,Rodrigue abate,689795010,2022-02-14,Douala,Bonapriso,65.7,Actif
CUST11051,VIVIANE MENDO,625228493,2022-02-14,Douala,Cité des Palmiers,26.6,Actif
CUST11399,ARMEL NDOUMBE,615820356,2022-02-16,Douala,Ndokotti,4.3,Inactif / Occasionnel
CUST11120,Didier AKONO,671327848,2022-02-16,Bafoussam,Kamkop,9.9,Actif
CUST11724,Josephine diboti,664864099,2022-02-16,Yaounde,Etoudi,48.3,Actif
CUST11562,FLORENT EPEE,680723898,2022-02-16,Douala,PK12,25.6,Actif
CUST10521,Luc FEUDJIO,633357554,2022-02-17,Yaounde,Biyem-Assi,40.1,Actif
CUST11456,DIBOTI Boris,673655158,2022-02-17,Yaounde,Mokolo,14.5,Inactif / Occasionnel
CUST11241,Viviane KOLLO,687789079,2022-02-20,Yaounde,Omnisport,1.6,Actif
CUST10754,Eric OBAMA,668186525,2022-02-22,Yaounde,Messa,43.46415432929565,Actif
CUST10034,Honoré NDIKUM,630868105,2022-02-22,Douala,Bonanjo,47.5,Actif
CUST10273,Laure FEUDJIO,682556484,2022-02-23,Bafoussam,Baham-Route,23.5,Actif
CUST10108,Rodrigue FOFANA,629175900,2022-02-23,Douala,Logbessou,100.0,Actif
CUST10769,ALAIN NDOUMBE,689520597,2022-02-25,Yaounde,Emana,40.0,Actif
CUST10862,Solange AMOUGOU,695613415,2022-02-26,Douala,Deido,43.46415432929565,Actif
CUST11305,TAKAM Hervé,623044889,2022-02-27,Bafoussam,Famla,76.3,Actif
CUST10473,Rabi NDIKUM,625480907,2022-02-27,Douala,Ndokotti,8.7,Actif
CUST11619,Viviane TCHIEMEGNI,689036966,2022-02-27,Douala,Nkolmesseng,32.3,Inactif / Occasionnel
CUST11364,Nadège teguia,610380581,2022-02-27,Douala,Bonabéri,43.46415432929565,Actif
CUST11781,LARISSA KONE,623574883,2022-02-28,Yaounde,Messa,76.5,Inactif / Occasionnel
CUST10203,SANDRINE NKUISSI,679467853,2022-03-01,Bafoussam,Kamkop,54.0,Actif
CUST11208,FEUDJIO Larissa,686762164,2022-03-02,Douala,Logbessou,76.7,Actif
CUST10740,Gaston FOMEKONG,615512205,2022-03-02,Bafoussam,Tougang,100.0,Actif
CUST17288,Armelle KEITA,655199748,2022-03-03,Douala,Village,67.9,Inactif / Occasionnel
CUST10520,SAIDOU NDONGO,660888017,2022-03-03,Douala,Bonapriso,43.8,Actif
CUST10318,Honoré TSIMI,641568532,2022-03-04,Douala,Ndogpassi,76.4,Inactif / Occasionnel
CUST10303,Stanislas ENGOLO,652091325,2022-03-04,Yaounde,Essos,27.7,Actif
CUST11828,Aurelie NDONGO,674503785,2022-03-05,Bafoussam,Ngouache,100.0,Actif
CUST10389,Hamidou NDZANA,645431319,2022-03-05,Douala,New-Bell,44.5,Actif
CUST11325,KAMGA Christelle,659731689,2022-03-06,Yaounde,Etoudi,20.5,Actif
CUST11087,Sylvain boukar,682287061,2022-03-06,Douala,Bepanda,35.7,Actif
CUST10784,SIDIBE Aurelie,676344695,2022-03-07,Douala,Makepe,30.8,Actif
CUST12030,Josephine OBAMA,626942307,2022-03-07,Douala,Cité des Palmiers,35.8,Actif
CUST12098,Guy ELA,658438711,2022-03-08,Yaounde,Obili,63.5,Actif
CUST11287,BARKA Margot,685350823,2022-03-08,Douala,Logbessou,28.0,Actif
CUST10549,GHISLAIN MAROUF,693115778,2022-03-08,Yaounde,Tsinga,56.5,Actif
CUST11745,Nadine BIKELE,628982195,2022-03-11,Yaounde,Briqueterie,51.7,Actif
CUST10258,Christelle DIALLO,635529407,2022-03-12,Yaounde,Mendong,100.0,Inactif / Occasionnel
CUST10871,NKOUAM Raoul,655728776,2022-03-12,Yaounde,Efoulan,53.9,Actif
CUST10574,Nadège NDZANA,610744212,2022-03-12,Douala,Ndogpassi,57.2,Actif
CUST10035,KOLLO Didier,638898923,2022-03-12,Yaounde,Briqueterie,46.2,Actif
CUST11511,Suzanne ENGOLO,651471222,2022-03-12,Douala,PK8,68.8,Actif
CUST10384,Gustave MONGO,691178885,2022-03-12,Douala,Nkolmesseng,67.5,Actif
CUST10023,Gaston barry,683140807,2022-03-14,Douala,Bali,44.3,Inactif / Occasionnel
CUST11540,Prosper KOUYATE,631127198,2022-03-16,Douala,Bonamoussadi,62.8,Actif
CUST10939,EPEE Norbert,636550845,2022-03-18,Douala,New-Bell,43.46415432929565,Actif
CUST11598,Aminata dawa,652018286,2022-03-19,Yaounde,Nkomo,19.4,Inactif / Occasionnel
CUST11800,Gisèle MBARGA,658895439,2022-03-20,Douala,Ngodi-Bakoko,16.6,Actif
CUST11457,NDOUMBE Larissa,619010480,2022-03-22,Douala,PK8,63.1,Actif
CUST12007,IBRAHIM Rodrigue,667192331,2022-03-23,Yaounde,Emana,26.6,Actif
CUST10838,Honoré mongo,635708194,2022-03-24,Douala,Ngodi-Bakoko,56.8,Actif
CUST11368,Marie ETOA,682506491,2022-03-24,Yaounde,Omnisport,43.46415432929565,Actif
CUST10495,Kevin talla,679782527,2022-03-24,Douala,Mboppi,1.8,Actif
CUST10869,PATRICIA NDIKUM,674251933,2022-03-25,Bafoussam,Pefura,18.7,Actif
CUST10246,Sandrine amougou,665177213,2022-03-26,Bafoussam,Famla,69.3,Actif
CUST11628,Astride mbock,632566390,2022-03-27,Douala,Nkolmesseng,34.0,Actif
CUST10716,Sandrine NJIEMOUN,659512272,2022-03-27,Douala,Ndogpassi,100.0,Actif
CUST10044,Colette ASSOUMOU,645503389,2022-03-29,Douala,Bonapriso,53.6,Actif
CUST11288,Hawa ABOUNA,654024257,2022-03-29,Douala,Bonabéri,2.9,Actif
CUST11454,Cyrille HASSAN,660237832,2022-03-29,Yaounde,Messa,65.0,Actif
CUST17205,balde Laure,640532691,2022-03-29,Douala,Bonabéri,42.9,Actif
CUST17377,SOW Stéphane,683363160,2022-04-01,Yaounde,Nlongkak,35.1,Actif
CUST12027,Oumar SIDIBE,691547054,2022-04-04,Bafoussam,Famla,12.6,Actif
CUST10938,TCHAMBA Norbert,698742485,2022-04-05,Yaounde,Etoudi,32.9,Actif
CUST10209,Joël ela,655377076,2022-04-06,Douala,Yassa,34.3,Actif
CUST11682,Laurent KENFACK,659491122,2022-04-06,Yaounde,Messa,26.8,Actif
CUST11222,Laurent issa,648412328,2022-04-07,Douala,PK8,43.46415432929565,Inactif / Occasionnel
CUST11838,Gisèle MENDO,670306604,2022-04-07,Douala,Ndog-Bong,21.4,Actif
CUST11525,GARBA Christian,681200181,2022-04-07,Bafoussam,Ndiengdam,19.6,Actif
CUST11740,Yvette BILONG,630182766,2022-04-08,Douala,New-Bell,18.8,Actif
CUST11217,Sandrine wamba,611086890,2022-04-08,Douala,Bonanjo,7.4,Actif
CUST10706,Florent NKOUAM,630452412,2022-04-09,Douala,Nyalla,70.7,Actif
CUST11886,TCHOUPO Gaston,616408822,2022-04-10,Douala,Bepanda,70.6,Actif
CUST10125,Rodrigue AKONO,616323852,2022-04-12,Douala,PK8,43.46415432929565,Actif
CUST10143,Isabelle ntongo,645812670,2022-04-14,Douala,Bonapriso,61.8,Actif
CUST11558,Carine teguia,624883373,2022-04-14,Yaounde,Nlongkak,45.4,Actif
CUST11463,Nadine ntongo,660015814,2022-04-14,Bafoussam,Djeleng,63.6,Actif
CUST11635,Fatima AKONO,636025314,2022-04-15,Douala,Deido,36.6,Actif
CUST10135,NDIKUM Pauline,689978790,2022-04-15,Yaounde,Nlongkak,15.1,Actif
CUST10656,NADINE ISSA,613895645,2022-04-15,Douala,Bonanjo,50.3,Actif
CUST11391,Sophie MENDO,658592048,2022-04-15,Bafoussam,Mossap,57.8,Inactif / Occasionnel
CUST10374,Stanislas KENFACK,699038526,2022-04-15,Yaounde,Santa Barbara,51.2,Actif
CUST10989,JULES OUMAROU,668503492,2022-04-17,Yaounde,Efoulan,27.4,Actif
CUST10197,Rodrigue mboa,636998038,2022-04-18,Douala,Village,63.8,Actif
CUST10417,MAHAMADOU Vanessa,684158663,2022-04-18,Douala,Cité des Palmiers,25.3,Actif
CUST10576,CHANCELLE KONE,667062156,2022-04-18,Douala,Nkolmesseng,43.46415432929565,Actif
CUST11866,Boris EKOTTO,673411827,2022-04-22,Yaounde,Nkol-Eton,75.9,Actif
CUST17182,Hawa ALI,664830300,2022-04-23,Douala,Mboppi,74.8,Actif
CUST10879,Therese FOTSO,676001106,2022-04-23,Yaounde,Jouvence,74.2,Actif
CUST10997,Nadège toure,653091709,2022-04-24,Douala,Logbessou,28.9,Actif
CUST11271,KEVIN MINLO,611868130,2022-04-24,Yaounde,Mimboman,22.8,Inactif / Occasionnel
CUST11632,Chancelle tchamba,625304396,2022-04-25,Bafoussam,Famla,53.3,Actif
CUST11688,Mariama NKUISSI,689736043,2022-04-28,Yaounde,Santa Barbara,28.0,Actif
CUST11853,SIDIBE Florent,661830338,2022-04-29,Yaounde,Bastos,22.1,Inactif / Occasionnel
CUST11675,Ibrahim KOLLO,678093604,2022-04-29,Douala,Logbessou,16.5,Actif
CUST10653,Hawa YAYA,646632757,2022-04-29,Bafoussam,Fomekoua,50.8,Actif
CUST10343,Sandrine WAMBA,650264926,2022-04-30,Douala,Bonabéri,28.3,Actif
CUST11788,AMINATA KONE,692950779,2022-04-30,Douala,Bonamoussadi,62.0,Actif
CUST11699,Estelle ELA,653154591,2022-05-01,Yaounde,Briqueterie,5.0,Actif
CUST11735,Alain ESSAMA,661883769,2022-05-01,Bafoussam,Famla,39.7,Actif
CUST11600,Stéphane FOFANA,667617561,2022-05-02,Yaounde,Mimboman,51.5,Actif
CUST10469,Bernard issa,663643924,2022-05-04,Yaounde,Mvog-Mbi,26.0,Actif
CUST10460,Saidou ATEBA,635921441,2022-05-05,Douala,Village,17.8,Actif
CUST11732,MBASSI Vanessa,654250344,2022-05-06,Douala,Logbessou,86.7,Actif
CUST11815,NADÈGE NJIEMOUN,671965637,2022-05-07,Douala,Kotto,47.1,Actif
CUST10587,Rodrigue abouna,672363359,2022-05-08,Douala,Ngodi-Bakoko,58.4,Actif
CUST11320,Marie BIKELE,675679047,2022-05-10,Yaounde,Messa,12.4,Actif
CUST11687,Marcel TEGUIA,692545028,2022-05-10,Douala,Nkolmesseng,32.7,Actif
CUST11983,Gustave NGONO,655504725,2022-05-10,Douala,Bepanda,19.1,Actif
CUST11623,BARKA Bertille,663118906,2022-05-10,Yaounde,Mimboman,100.0,Actif
CUST10315,Armelle BELINGA,619196777,2022-05-11,Bafoussam,Baham-Route,64.1,Actif
CUST11692,Carine DJOUMESSI,687890494,2022-05-12,Douala,Beedi,47.1,Actif
CUST10915,Baudouin ndzana,620896797,2022-05-13,Douala,Bepanda,12.7,Actif
CUST11879,Thierry FEUDJIO,680836292,2022-05-13,Yaounde,Essos,59.8,Actif
CUST11106,Therese TAMBA,661818612,2022-05-14,Bafoussam,Kamkop,60.2,Actif
CUST11136,Gaston BIYA,661003997,2022-05-14,Yaounde,Obili,79.1,Actif
CUST10528,LUC FOUDA,650785405,2022-05-15,Douala,Deido,42.7,Actif
CUST11029,Florent DJOKAM,669329732,2022-05-16,Douala,Ndokotti,72.7,Actif
CUST11791,Céline NKUISSI,660562485,2022-05-16,Yaounde,Obili,43.46415432929565,Actif
CUST11774,Ibrahim teguia,675266178,2022-05-18,Yaounde,Nkol-Eton,43.3,Actif
CUST11075,GISÈLE TAKAM,655617282,2022-05-18,Douala,Cité des Palmiers,32.0,Actif
CUST11723,Patricia EBOUELE,661998170,2022-05-18,Douala,Deido,43.46415432929565,Actif
CUST10304,Sophie CISSE,617672593,2022-05-19,Douala,Bonanjo,45.4,Actif
CUST11541,Hervé etoa,692924837,2022-05-19,Yaounde,Messa,16.8,Actif
CUST10478,Marlène IBRAHIM,615134794,2022-05-19,Yaounde,Biyem-Assi,32.7,Inactif / Occasionnel
CUST10750,Stanislas MBOA,611698142,2022-05-20,Bafoussam,Famla,43.6,Actif
CUST17282,IBRAHIM Rabi,620993268,2022-05-25,Douala,Logbessou,68.6,Actif
CUST11576,Céline bikele,648848936,2022-05-25,Douala,Deido,100.0,Actif
CUST10625,Khadija kollo,638716269,2022-05-25,Bafoussam,Famla,65.2,Actif
CUST11720,Astride NGANSO,658841557,2022-05-26,Bafoussam,Pefura,17.0,Actif
CUST11110,Didier EKANI,676481885,2022-05-29,Douala,Bepanda,87.0,Actif
CUST11023,Pauline NGANSO,635176902,2022-05-29,Yaounde,Essos,81.1,Actif
CUST10548,Honoré TRAORE,694951883,2022-05-29,Douala,Mboppi,30.7,Actif
CUST17212,Evelyne DIALLO,670012727,2022-05-30,Douala,Bonapriso,100.0,Actif
CUST11071,Larissa SIDIBE,628321839,2022-05-30,Douala,Beedi,24.4,Actif
CUST11333,Pierre TALLA,683076970,2022-05-30,Douala,PK12,25.3,Actif
CUST10098,Nadège EKOTTO,618883684,2022-05-30,Douala,Bonapriso,22.0,Actif
CUST11949,Therese MONGO,674227366,2022-05-30,Douala,Ndokotti,18.2,Actif
CUST11460,Hervé NDIKUM,622513132,2022-05-30,Yaounde,Obili,10.7,Actif
CUST11388,Therese tchiemegni,618530615,2022-05-30,Yaounde,Omnisport,27.0,Inactif / Occasionnel
CUST10184,AÏCHA ISSA,681498611,2022-05-31,Douala,Nyalla,23.0,Actif
CUST10783,Paul nkouam,613852048,2022-05-31,Douala,Cité des Palmiers,43.4,Actif
CUST12018,NGANSO Abdou,617698469,2022-06-01,Yaounde,Mimboman,9.6,Actif
CUST10615,Patricia MAHAMADOU,646468984,2022-06-02,Douala,Bonamoussadi,12.0,Actif
CUST10564,MAROUF Hawa,665625330,2022-06-03,Douala,PK12,19.8,Actif
CUST10570,MENGUE Gustave,663640499,2022-06-03,Yaounde,Briqueterie,14.0,Actif
CUST11337,Hervé SANGARE,663437398,2022-06-03,Douala,Bonabéri,20.9,Actif
CUST11265,Christiane GARBA,640281491,2022-06-03,Yaounde,Jouvence,12.0,Actif
CUST11171,Denise NDIKUM,633497411,2022-06-04,Douala,Mboppi,41.5,Actif
CUST10016,OUMAR EBOUELE,641227216,2022-06-04,Douala,Logbessou,65.8,Actif
CUST10253,Abdou NGANSO,664038913,2022-06-05,Douala,Akwa,15.6,Actif
CUST11442,Laure NTONGO,640667888,2022-06-06,Douala,Mboppi,49.1,Actif
CUST10371,Rémi EKANI,699639081,2022-06-06,Douala,Ndog-Bong,37.1,Inactif / Occasionnel
CUST11238,Boubacar ENGOLO,651464269,2022-06-08,Douala,Ngodi-Bakoko,11.3,Inactif / Occasionnel
CUST10352,Nadège BELINGA,619832887,2022-06-08,Douala,Deido,71.0,Actif
CUST11933,VANESSA KOUYATE,619067690,2022-06-08,Bafoussam,Kamkop,54.7,Actif
CUST10446,MARCEL BARKA,631367172,2022-06-10,Douala,Deido,100.0,Actif
CUST10089,Alain LOBE,684752529,2022-06-11,Douala,Bonabéri,5.8,Actif
CUST12008,Serge MINLO,632366682,2022-06-11,Yaounde,Efoulan,68.7,Actif
CUST11153,AMOUGOU Sandrine,669549527,2022-06-12,Douala,Bonanjo,61.7,Actif
CUST11877,FRANCK BELINGA,683659258,2022-06-12,Douala,Village,67.7,Actif
CUST10202,TAMBA Nadine,668800797,2022-06-14,Douala,Village,66.1,Actif
CUST10886,Norbert TAMBA,685543051,2022-06-14,Douala,Makepe,58.2,Actif
CUST11159,MENGUE Emmanuel,617532195,2022-06-14,Douala,Ndogpassi,51.1,Actif
CUST11717,FEZE Colette,680162053,2022-06-16,Yaounde,Nlongkak,59.8,Actif
CUST11860,AMINATA NGUEFACK,697236246,2022-06-17,Yaounde,Mendong,38.8,Actif
CUST17273,Estelle FEZE,663100814,2022-06-20,Douala,PK12,46.8,Actif
CUST10019,Luc AKONO,613561597,2022-06-20,Douala,Bepanda,43.46415432929565,Actif
CUST10864,Ornella MENDO,623769080,2022-06-21,Bafoussam,Djeleng,27.6,Actif
CUST11425,Baudouin ekani,653645651,2022-06-22,Yaounde,Nkol-Eton,13.5,Actif
CUST11715,Sandrine MVONDO,668978194,2022-06-24,Yaounde,Jouvence,24.5,Actif
CUST10391,Alain ONANA,675569635,2022-06-24,Douala,Yassa,33.9,Actif
CUST10151,Emmanuel minlo,610435578,2022-06-25,Yaounde,Elig-Edzoa,12.4,Actif
CUST11381,Sandrine TEGUIA,633386929,2022-06-25,Yaounde,Santa Barbara,16.7,Actif
CUST11543,Djeneba mbassi,620949687,2022-06-28,Douala,Ndokotti,60.8,Actif
CUST11898,Boubacar BELLO,694819556,2022-06-29,Yaounde,Briqueterie,46.0,Actif
CUST10114,Joël YAYA,645264581,2022-06-30,Yaounde,Ngoa-Ekele,43.46415432929565,Actif
CUST10796,NKODO Therese,611362459,2022-07-01,Douala,Akwa,18.5,Inactif / Occasionnel
CUST12067,Christiane EPEE,692124765,2022-07-01,Douala,Deido,23.7,Actif
CUST10810,Nadège SANGARE,622489409,2022-07-02,Yaounde,Melen,36.8,Actif
CUST11881,HASSAN Abdou,624923247,2022-07-02,Douala,Nkolmesseng,14.9,Inactif / Occasionnel
CUST11744,Eric ABENA,699068509,2022-07-03,Bafoussam,Kamkop,59.9,Actif
CUST10930,OUMAR NDONGO,648668783,2022-07-03,Douala,Logbessou,30.8,Actif
CUST10436,Honoré NGUEFACK,631810617,2022-07-04,Douala,Beedi,56.2,Actif
CUST10960,Céline ABOUNA,646540265,2022-07-06,Douala,Ndog-Bong,28.4,Actif
CUST11659,ARMELLE EKOTTO,695268296,2022-07-06,Douala,Yassa,100.0,Actif
CUST12009,Colette takam,669580374,2022-07-06,Douala,Ndokotti,22.2,Actif
CUST10103,Stanislas COULIBALY,697971488,2022-07-07,Douala,Ndokotti,14.8,Inactif / Occasionnel
CUST10999,Therese KONE,624039158,2022-07-07,Yaounde,Santa Barbara,43.46415432929565,Actif
CUST11876,Moussa ELA,630068183,2022-07-07,Bafoussam,Baham-Route,42.4,Actif
CUST11919,Bertille OBAMA,683025444,2022-07-09,Douala,Makepe,9.1,Inactif / Occasionnel
CUST10755,Lydie TAKAM,658612055,2022-07-09,Douala,Bepanda,59.5,Actif
CUST11134,NADÈGE TEGUIA,654099326,2022-07-11,Douala,Ndokotti,42.3,Actif
CUST11495,CONSTANT NJOH,647388792,2022-07-11,Douala,Nkolmesseng,76.0,Actif
CUST10201,Alain MONGO,660119651,2022-07-12,Yaounde,Mokolo,43.46415432929565,Actif
CUST11794,BELLO Vanessa,634272734,2022-07-15,Bafoussam,Centre Ville,93.2,Actif
CUST11247,Margot akono,665767881,2022-07-15,Yaounde,Santa Barbara,12.1,Actif
CUST10944,Denise etoundi,696924061,2022-07-16,Yaounde,Mvog-Mbi,13.4,Actif
CUST10040,BIKELE Gisèle,622981052,2022-07-17,Douala,Cité des Palmiers,32.0,Actif
CUST10397,Pauline lobe,647135391,2022-07-18,Yaounde,Etoudi,48.7,Actif
CUST10050,Boubacar FOTSO,620576383,2022-07-18,Douala,Nkolmesseng,16.3,Actif
CUST17265,Viviane NGOUFO,634850391,2022-07-18,Douala,Bonanjo,37.3,Actif
CUST11232,Aline BELLO,628358198,2022-07-21,Douala,Village,23.9,Actif
CUST10983,Estelle ESSOH,679654147,2022-07-21,Douala,Ndokotti,11.2,Actif
CUST11141,Estelle NJIEMOUN,614818295,2022-07-23,Yaounde,Efoulan,42.8,Actif
CUST10072,Rodrigue ABATE,659684848,2022-07-25,Yaounde,Mvog-Mbi,28.4,Actif
CUST10987,Isabelle BELLO,634359060,2022-07-25,Douala,Deido,46.7,Actif
CUST12089,Colette bilong,658518659,2022-07-30,Douala,Bepanda,75.4,Actif
CUST10822,Carine ALI,656138336,2022-07-30,Douala,Bali,43.4,Actif
CUST11711,Rémi SIDIBE,633160465,2022-07-30,Douala,PK12,25.4,Actif
CUST10651,Jules ATEBA,675529051,2022-07-31,Yaounde,Nkomo,53.1,Inactif / Occasionnel
CUST11929,Régine NDONGO,660103798,2022-07-31,Douala,Bepanda,39.6,Actif
CUST12025,JOËLLE ETOUNDI,614179623,2022-07-31,Douala,Kotto,11.7,Actif
CUST10353,Therese OUMAROU,682160068,2022-08-01,Yaounde,Nkomo,21.1,Inactif / Occasionnel
CUST10155,Patricia ATEBA,678139880,2022-08-03,Bafoussam,Kamkop,48.3,Actif
CUST11451,Marcel BIKELE,651946203,2022-08-03,Douala,Nyalla,38.2,Actif
CUST11501,DENISE MBOA,692352411,2022-08-04,Yaounde,Bastos,21.3,Actif
CUST10986,Rémi ELA,647333543,2022-08-05,Douala,Ndogpassi,64.4,Actif
CUST10435,FRANCK NGONO,641774346,2022-08-06,Yaounde,Etoudi,20.9,Inactif / Occasionnel
CUST11613,Yvette DJOKAM,658567046,2022-08-07,Yaounde,Nlongkak,49.1,Actif
CUST11189,Carine BILONG,648605268,2022-08-07,Douala,Makepe,54.0,Actif
CUST10022,Colette AMOUGOU,697226012,2022-08-09,Douala,Ndokotti,24.6,Actif
CUST11290,Oumar LOBE,639711402,2022-08-10,Douala,Makepe,51.8,Actif
CUST10573,Marie feudjio,698054615,2022-08-11,Yaounde,Efoulan,70.3,Inactif / Occasionnel
CUST12039,Oumar BARRY,691214453,2022-08-11,Douala,Nyalla,59.1,Inactif / Occasionnel
CUST11806,Evelyne KENFACK,641407343,2022-08-11,Yaounde,Nkomo,43.46415432929565,Actif
CUST17243,Chancelle NKODO,619863756,2022-08-11,Douala,Bonanjo,55.5,Actif
CUST11264,Ibrahim DOUMBIA,628892086,2022-08-12,Yaounde,Tsinga,39.8,Actif
CUST12078,Ibrahim cisse,652894344,2022-08-12,Yaounde,Mimboman,52.2,Actif
CUST10376,MODIBO FOUDA,628024248,2022-08-12,Douala,Ndokotti,43.46415432929565,Actif
CUST10087,ASTRIDE NKOUAM,646231783,2022-08-13,Douala,PK12,13.0,Actif
CUST10762,NDZANA Sophie,697302916,2022-08-14,Yaounde,Biyem-Assi,17.1,Actif
CUST11947,Emmanuel MFOU,633500064,2022-08-15,Douala,New-Bell,26.3,Actif
CUST10393,Marcel MENDO,616818112,2022-08-16,Douala,Mboppi,9.6,Actif
CUST11941,MONGO Jules,627905932,2022-08-18,Bafoussam,Kamkop,59.3,Actif
CUST11244,Wilfried MENDO,622097496,2022-08-19,Yaounde,Efoulan,46.3,Actif
CUST11297,Marie ESSOH,664800542,2022-08-19,Bafoussam,Baham-Route,52.1,Inactif / Occasionnel
CUST10459,FATIMA ETOA,698588154,2022-08-19,Douala,Makepe,100.0,Actif
CUST11718,ESSAMA Hawa,691846696,2022-08-20,Yaounde,Santa Barbara,56.2,Actif
CUST11529,ETOA Rabi,670887307,2022-08-20,Douala,Bonamoussadi,21.0,Actif
CUST11086,Jules NGAMOURI,669934576,2022-08-20,Douala,Bali,37.2,Actif
CUST12054,Alexis DJOKAM,643502308,2022-08-21,Douala,Bonabéri,83.1,Inactif / Occasionnel
CUST10816,Sandrine MENDO,699115205,2022-08-22,Bafoussam,Baham-Route,23.9,Actif
CUST11050,Hervé TOURE,640158811,2022-08-22,Bafoussam,Mossap,5.2,Actif
CUST11893,FLORE FEUDJIO,624879094,2022-08-23,Bafoussam,Ndiengdam,64.0,Inactif / Occasionnel
CUST11537,Flore TCHOUPO,621402740,2022-08-24,Yaounde,Ngoa-Ekele,76.3,Actif
CUST11154,Aline BILONG,632329103,2022-08-25,Yaounde,Messa,13.2,Actif
CUST17302,BELLO WILFRIED,628740864,2022-08-26,Yaounde,Santa Barbara,43.46415432929565,Actif
CUST10622,Stéphane ETOA,641039390,2022-08-26,Yaounde,Efoulan,21.5,Actif
CUST11358,Christian barka,688703005,2022-08-27,Yaounde,Mvog-Mbi,40.5,Actif
CUST11468,MONGO Marlène,685374852,2022-08-28,Yaounde,Etoudi,20.7,Actif
CUST10795,Fatoumata SANGARE,684597009,2022-08-29,Yaounde,Nkol-Eton,100.0,Actif
CUST11466,NDONGO Fatima,618050510,2022-08-29,Douala,Yassa,46.8,Actif
CUST10606,Christelle MINLO,679967676,2022-08-31,Douala,New-Bell,51.4,Actif
CUST11228,Patricia TALLA,635519083,2022-09-01,Yaounde,Mokolo,68.3,Actif
CUST11566,Guy ETOA,639597483,2022-09-03,Yaounde,Ngoa-Ekele,40.2,Actif
CUST11069,Rabi ATEBA,690447099,2022-09-03,Bafoussam,Lekie,71.5,Actif
CUST11266,Fatoumata BALDE,663339667,2022-09-04,Yaounde,Nkol-Eton,4.0,Actif
CUST10575,Jules NDONGO,624305904,2022-09-04,Douala,Bonamoussadi,100.0,Actif
CUST11792,Flore NKOLO,630703455,2022-09-05,Yaounde,Etoudi,6.9,Actif
CUST10972,BIKELE Kevin,613471527,2022-09-05,Douala,Akwa,25.9,Actif
CUST12061,DIALLO Raoul,685386435,2022-09-06,Yaounde,Essos,36.6,Actif
CUST10921,Oumar IBRAHIM,631009452,2022-09-07,Douala,Kotto,31.4,Actif
CUST10785,ETOUNDI Boubacar,653622663,2022-09-07,Douala,Ndog-Bong,12.2,Actif
CUST12084,Gustave MBASSI,648971765,2022-09-07,Yaounde,Essos,33.6,Actif
CUST10631,Romain barka,672535301,2022-09-12,Douala,Makepe,76.6,Actif
CUST10880,EDITH OBAMA,619943140,2022-09-12,Yaounde,Madagascar,33.2,Actif
CUST10965,Serge TALLA,620796722,2022-09-12,Bafoussam,Fomekoua,36.9,Actif
CUST11677,Romain TRAORE,651662236,2022-09-14,Douala,Bonanjo,25.9,Actif
CUST10379,NDZANA Gaston,624366125,2022-09-14,Douala,Bonapriso,33.0,Actif
CUST10717,ALAIN DIALLO,632520277,2022-09-15,Douala,Ndogpassi,43.46415432929565,Actif
CUST10602,JOËL MBOA,644788100,2022-09-15,Douala,Nkolmesseng,47.0,Actif
CUST11231,Mireille MBASSI,698473848,2022-09-17,Douala,Logbessou,13.2,Actif
CUST10671,KAMGA Norbert,613637575,2022-09-17,Douala,PK8,38.6,Actif
CUST10804,PROSPER SANGARE,642255732,2022-09-17,Douala,Logbessou,13.2,Actif
CUST11861,Astride CISSE,655001909,2022-09-18,Yaounde,Ngoa-Ekele,10.4,Actif
CUST11496,TOURE Aurelie,687054398,2022-09-18,Yaounde,Mendong,36.9,Actif
CUST11661,Margot assoumou,653380275,2022-09-20,Yaounde,Nkomo,30.4,Actif
CUST10448,Raoul CAMARA,661343880,2022-09-21,Bafoussam,Centre Ville,36.7,Actif
CUST11483,Hervé ELA,687566910,2022-09-21,Douala,Yassa,77.8,Actif
CUST10688,Constant KENFACK,666581473,2022-09-22,Yaounde,Ngoa-Ekele,20.5,Actif
CUST11214,RODRIGUE NGANSO,698346110,2022-09-22,Douala,Kotto,23.9,Actif
CUST11402,ORNELLA MENDO,650484137,2022-09-23,Douala,Bonamoussadi,43.46415432929565,Actif
CUST11992,Sandrine ABOUNA,620593403,2022-09-24,Douala,Cité des Palmiers,19.6,Actif
CUST11048,ABDOU MENGUE,664759583,2022-09-25,Douala,New-Bell,43.46415432929565,Inactif / Occasionnel
CUST11182,EMMANUEL OBAMA,695618110,2022-09-25,Yaounde,Emana,32.9,Actif
CUST10618,Sylvain traore,682498004,2022-09-26,Douala,Bonabéri,42.9,Actif
CUST11570,TCHIEMEGNI Sandrine,611031743,2022-09-26,Yaounde,Emana,47.8,Actif
CUST10546,Joëlle CISSE,679182797,2022-09-27,Douala,New-Bell,47.2,Actif
CUST11667,Serge MBASSI,672937522,2022-09-27,Douala,Beedi,57.2,Actif
CUST10185,Christelle TCHOUPO,626879290,2022-09-27,Douala,Logbessou,28.7,Inactif / Occasionnel
CUST10607,EVELYNE BARRY,675041510,2022-09-27,Douala,Makepe,74.9,Actif
CUST10855,Honoré OBAMA,626989677,2022-09-27,Yaounde,Mimboman,69.9,Actif
CUST10272,Edith ABOUNA,697529405,2022-09-28,Yaounde,Omnisport,34.3,Actif
CUST12074,Christiane NGAMOURI,670672142,2022-09-28,Douala,Bepanda,43.46415432929565,Actif
CUST11899,Rabi wamba,679172559,2022-09-29,Douala,Bonapriso,47.3,Inactif / Occasionnel
CUST10355,Christiane NKOUAM,677898694,2022-09-29,Yaounde,Omnisport,75.4,Actif
CUST11197,NADINE TCHOUPO,695756900,2022-09-30,Yaounde,Emana,23.1,Actif
CUST11551,Rabi njoh,665590800,2022-10-01,Douala,Kotto,40.0,Actif
CUST10168,JULES NJOH,610076758,2022-10-01,Douala,Beedi,4.4,Actif
CUST10216,ISSA Boris,610965138,2022-10-03,Douala,Ndog-Bong,100.0,Actif
CUST10776,RABI FOMEKONG,642730796,2022-10-04,Douala,Yassa,10.9,Actif
CUST11708,Khadija BOUKAR,621318464,2022-10-04,Douala,PK8,70.3,Actif
CUST12040,MAHAMADOU Marie,630594121,2022-10-04,Douala,PK12,28.7,Actif
CUST11459,KOUAM Moussa,621457410,2022-10-05,Yaounde,Omnisport,37.0,Actif
CUST11374,Moussa MENDO,627690330,2022-10-06,Douala,Ngodi-Bakoko,51.9,Inactif / Occasionnel
CUST11122,DJOKAM Nadège,629348212,2022-10-09,Douala,Bonapriso,27.8,Inactif / Occasionnel
CUST17231,guy KAMGA,669509870,2022-10-10,Douala,PK12,54.2,Actif
CUST10020,Hervé djokam,685329037,2022-10-10,Yaounde,Mendong,27.5,Actif
CUST10693,Suzanne MBOCK,682399599,2022-10-10,Douala,Logbessou,47.6,Actif
CUST17155,achille YAYA,662884503,2022-10-10,Bafoussam,Ndiengdam,66.8,Actif
CUST10918,NDOUMBE Modibo,633328859,2022-10-11,Yaounde,Etoudi,35.6,Actif
CUST11387,Djeneba MINLO,625253751,2022-10-13,Yaounde,Madagascar,69.5,Inactif / Occasionnel
CUST11988,Larissa NGUEFACK,679696025,2022-10-13,Douala,Beedi,9.8,Actif
CUST11597,ABOUNA Aïcha,620450542,2022-10-13,Bafoussam,Bamougoum,82.7,Actif
CUST10021,Céline assoumou,636687537,2022-10-14,Douala,Beedi,44.1,Inactif / Occasionnel
CUST10339,EMMANUEL TALLA,645650176,2022-10-15,Yaounde,Jouvence,78.9,Actif
CUST10854,DIDIER COULIBALY,681690398,2022-10-15,Yaounde,Mendong,46.4,Actif
CUST10644,NGAMOURI Solange,650079111,2022-10-15,Bafoussam,Lekie,25.3,Actif
CUST11704,MAROUF Serge,618304547,2022-10-16,Douala,Deido,32.6,Inactif / Occasionnel
CUST11508,Florent EPEE,613886030,2022-10-16,Yaounde,Santa Barbara,26.3,Actif
CUST12019,Rabi tchoupo,620071854,2022-10-17,Douala,Mboppi,100.0,Actif
CUST10175,Aline NDOUMBE,651273847,2022-10-17,Yaounde,Madagascar,65.4,Actif
CUST11263,JOËLLE NDIKUM,620106509,2022-10-20,Douala,Nkolmesseng,66.6,Inactif / Occasionnel
CUST12049,Christelle nkolo,659251188,2022-10-20,Douala,Kotto,18.2,Actif
CUST11419,Hervé OYONO,626937148,2022-10-21,Bafoussam,Famla,39.7,Actif
CUST11186,Aminata DIBOTI,699501846,2022-10-22,Douala,Yassa,15.1,Inactif / Occasionnel
CUST11467,Aminata NGANSO,688714010,2022-10-22,Yaounde,Nkomo,70.1,Actif
CUST11103,Joëlle NKODO,652704903,2022-10-23,Yaounde,Santa Barbara,51.6,Actif
CUST10774,Paul BOUKAR,647437115,2022-10-25,Douala,Makepe,33.7,Actif
CUST11430,Mariama belinga,670896652,2022-10-25,Yaounde,Melen,24.3,Inactif / Occasionnel
CUST10761,Ibrahim HASSAN,680027662,2022-10-25,Douala,PK12,37.0,Actif
CUST11443,NDOUMBE Eric,665541117,2022-10-25,Bafoussam,Ngouache,70.1,Actif
CUST11847,Edith BILONG,665686520,2022-10-26,Douala,Deido,18.9,Actif
CUST17176,MONGO DENISE,647546086,2022-10-27,Douala,Bonanjo,48.9,Actif
CUST11005,Chancelle YAYA,698930456,2022-10-27,Bafoussam,Bamougoum,13.7,Actif
CUST10230,Hamidou KOUYATE,638754377,2022-10-27,Douala,Bali,63.4,Actif
CUST10082,CAMARA Romain,681691040,2022-10-27,Yaounde,Nkol-Eton,34.1,Actif
CUST10799,Marcel NGONO,621490777,2022-10-27,Douala,PK8,19.2,Actif
CUST11549,Abdou NTONGO,691480362,2022-10-31,Douala,New-Bell,33.5,Actif
CUST11258,Flore sow,674672520,2022-10-31,Bafoussam,Ndiengdam,20.6,Actif
CUST10405,Patrick DIBOTI,669302158,2022-10-31,Douala,Beedi,20.3,Inactif / Occasionnel
CUST11900,NDJOCK Guy,687181563,2022-10-31,Douala,Bepanda,60.8,Actif
CUST12042,CHRISTELLE TEGUIA,659790013,2022-10-31,Yaounde,Essos,61.9,Actif
CUST11063,AURELIE MONGO,642713008,2022-11-01,Douala,Nyalla,48.7,Actif
CUST11079,Emmanuel WAMBA,647962005,2022-11-02,Bafoussam,Pefura,62.8,Actif
CUST10370,EMMANUEL ABOUNA,611049999,2022-11-04,Bafoussam,Fomekoua,32.7,Actif
CUST10053,Patricia mengue,694374605,2022-11-04,Douala,Ndokotti,51.1,Actif
CUST17224,TALLA Thierry,629163535,2022-11-04,Bafoussam,Fomekoua,43.46415432929565,Actif
CUST17143,eric SANGARE,656328316,2022-11-05,Yaounde,Jouvence,17.3,Actif
CUST11373,Bernard djokam,613460153,2022-11-05,Douala,Village,55.3,Actif
CUST11267,Rodrigue ASSOUMOU,684801233,2022-11-08,Douala,PK12,14.1,Actif
CUST10172,Astride ONANA,612614124,2022-11-08,Douala,Nyalla,64.5,Actif
CUST11414,MBOCK Estelle,620843514,2022-11-08,Yaounde,Obili,30.4,Inactif / Occasionnel
CUST10239,KONE Rémi,635556386,2022-11-09,Douala,Nyalla,6.2,Actif
CUST10735,OYONO Modibo,623676961,2022-11-09,Douala,PK12,30.1,Actif
CUST11274,TAMBA Rémi,626587799,2022-11-09,Yaounde,Ngoa-Ekele,39.6,Actif
CUST10003,ALAIN NKODO,646913810,2022-11-11,Yaounde,Mimboman,40.2,Actif
CUST10256,Sandrine etoa,643374088,2022-11-12,Bafoussam,Tamdja,18.4,Actif
CUST17187,marie NJOH,638799154,2022-11-16,Douala,Bali,72.6,Actif
CUST11300,MENGUE Colette,616086345,2022-11-16,Douala,Bali,31.5,Actif
CUST11163,Pauline BARRY,667805802,2022-11-17,Bafoussam,Bamendzi,45.4,Actif
CUST11948,KOUAM Constant,672360629,2022-11-17,Douala,Bonabéri,42.5,Inactif / Occasionnel
CUST17270,ali Stanislas,647077298,2022-11-18,Douala,Kotto,39.4,Inactif / Occasionnel
CUST10903,Baudouin ESSOH,667556566,2022-11-18,Yaounde,Mvog-Mbi,14.7,Actif
CUST10532,FOTSO Guy,687844239,2022-11-18,Douala,Bonapriso,69.1,Inactif / Occasionnel
CUST11081,Sophie ATEBA,688777447,2022-11-19,Douala,Bonanjo,27.3,Actif
CUST11331,RAOUL FEZE,623335151,2022-11-20,Yaounde,Obili,32.4,Actif
CUST11602,CARINE TAKAM,664280720,2022-11-20,Douala,Beedi,22.4,Actif
CUST10342,DENISE TEGUIA,696637649,2022-11-21,Douala,Akwa,16.0,Actif
CUST11312,RÉGINE SIDIBE,699991136,2022-11-21,Douala,Deido,54.8,Actif
CUST11854,Sandrine AKONO,620952896,2022-11-21,Yaounde,Etoudi,43.46415432929565,Actif
CUST11793,AKONO Saidou,631776452,2022-11-22,Douala,New-Bell,51.4,Actif
CUST11111,Stanislas hassan,614968688,2022-11-22,Yaounde,Messa,43.1,Actif
CUST11729,Christian BALDE,696879854,2022-11-22,Yaounde,Obili,73.8,Actif
CUST11494,FLORENT MBOCK,625419645,2022-11-22,Douala,Beedi,7.0,Actif
CUST12041,Didier BILONG,670387584,2022-11-25,Bafoussam,Mossap,60.5,Actif
CUST17134,nkolo Ibrahim,617869910,2022-11-26,Douala,Mboppi,52.6,Actif
CUST10449,NJIEMOUN Rodrigue,615197528,2022-11-27,Douala,Logbessou,100.0,Actif
CUST10641,MINLO Christelle,674019136,2022-11-27,Bafoussam,Fomekoua,37.8,Actif
CUST11225,Armel CISSE,657287718,2022-11-28,Yaounde,Mvog-Mbi,54.8,Actif
CUST10454,Constant MBASSI,656930359,2022-11-29,Douala,Deido,38.0,Actif
CUST17180,Boubacar BALDE,610054484,2022-12-01,Yaounde,Mvog-Mbi,48.0,Actif
CUST11990,MFOU Constant,621087928,2022-12-02,Bafoussam,Bamougoum,43.46415432929565,Inactif / Occasionnel
CUST10136,Josephine ABENA,672820592,2022-12-02,Yaounde,Essos,43.6,Actif
CUST10778,Christelle LOBE,686483924,2022-12-03,Bafoussam,Djeleng,70.7,Actif
CUST10014,SIDIBE Pierre,622575562,2022-12-03,Bafoussam,Djeleng,50.4,Actif
CUST11142,FLORE MONGO,692874006,2022-12-03,Douala,Cité des Palmiers,15.3,Actif
CUST10881,Isabelle essama,687446468,2022-12-06,Douala,Yassa,10.2,Actif
CUST17181,sylvain belinga,691415657,2022-12-07,Yaounde,Bastos,38.1,Actif
CUST11678,TAMBA Denise,671974027,2022-12-08,Douala,PK12,38.9,Inactif / Occasionnel
CUST10614,Carine TCHAMBA,641473195,2022-12-10,Douala,Ngodi-Bakoko,53.5,Actif
CUST10733,Lydie BOUKAR,694187049,2022-12-12,Douala,Nkolmesseng,40.7,Actif
CUST11825,Didier ABENA,643554863,2022-12-12,Douala,Yassa,42.4,Inactif / Occasionnel
CUST17263,BOUBACAR NGOUFO,646855845,2022-12-13,Douala,Deido,65.3,Actif
CUST10006,Yvette NKOLO,628728463,2022-12-14,Bafoussam,Tamdja,27.4,Actif
CUST10617,Astride ndongo,652910691,2022-12-14,Douala,Bonabéri,43.2,Inactif / Occasionnel
CUST11654,Alain TSIMI,685663295,2022-12-14,Bafoussam,Famla,46.8,Inactif / Occasionnel
CUST11329,Modibo SOW,641690501,2022-12-18,Bafoussam,Ngouache,61.0,Actif
CUST10636,Laurent KONE,662274692,2022-12-21,Douala,Ndokotti,60.7,Actif
CUST11480,MFOU Hervé,651936181,2022-12-22,Douala,Yassa,8.1,Actif
CUST10071,Ibrahim DJOUMESSI,631831063,2022-12-23,Yaounde,Ngoa-Ekele,43.5,Actif
CUST10241,SIDIBE Sandrine,623009833,2022-12-25,Douala,Bonabéri,58.8,Actif
CUST11326,SUZANNE TEGUIA,639161443,2022-12-27,Douala,Yassa,35.6,Actif
CUST11808,NADÈGE FOMEKONG,642100652,2022-12-28,Douala,PK12,47.6,Actif
CUST17374,laure MINLO,654446182,2022-12-28,Yaounde,Briqueterie,78.9,Actif
CUST10484,Joël NDONGO,668571795,2022-12-30,Douala,Ngodi-Bakoko,25.7,Actif
CUST11864,Rodrigue AMOUGOU,615140967,2022-12-31,Douala,Makepe,62.9,Actif
CUST11070,Laure NKUISSI,678214937,2023-01-01,Douala,Kotto,15.7,Actif
CUST12032,MARCEL ASSOUMOU,641674763,2023-01-02,Yaounde,Tsinga,38.2,Actif
CUST10765,Raoul BELLO,682232344,2023-01-04,Douala,Beedi,38.8,Actif
CUST11384,BOUBACAR DOUMBIA,627013243,2023-01-05,Yaounde,Elig-Edzoa,100.0,Actif
CUST11908,Laurent ONANA,642287985,2023-01-05,Douala,Kotto,14.3,Actif
CUST10957,SIDIBE Fatoumata,672907576,2023-01-06,Douala,Bonanjo,89.2,Inactif / Occasionnel
CUST10284,Nadine KOUAM,632097220,2023-01-06,Douala,Ndokotti,60.8,Actif
CUST10036,TRAORE Edith,655176955,2023-01-06,Douala,Beedi,38.0,Actif
CUST11118,Stéphane NKUISSI,623383077,2023-01-06,Yaounde,Briqueterie,13.9,Actif
CUST11289,Flore DIALLO,691883846,2023-01-07,Yaounde,Mendong,6.1,Actif
CUST10122,Mariama ALI,678387461,2023-01-08,Bafoussam,Famla,44.3,Actif
CUST11437,Marcel kenfack,697364555,2023-01-08,Bafoussam,Famla,77.0,Actif
CUST10875,Didier HASSAN,674119726,2023-01-08,Yaounde,Ngoa-Ekele,48.7,Actif
CUST10945,Solange kouyate,629997018,2023-01-08,Yaounde,Nlongkak,37.6,Actif
CUST11690,Denise ESSAMA,661604364,2023-01-09,Yaounde,Bastos,34.7,Actif
CUST10059,Ibrahim mahamadou,616150444,2023-01-09,Bafoussam,Fomekoua,4.5,Actif
CUST10054,Gustave ESSOH,693016315,2023-01-10,Douala,Ndog-Bong,30.0,Actif
CUST11903,NKOUAM Lydie,649093864,2023-01-10,Yaounde,Ngoa-Ekele,18.5,Actif
CUST11269,Christelle MBOA,622120246,2023-01-12,Douala,Makepe,64.2,Actif
CUST11680,MOUSSA NKOLO,615047559,2023-01-13,Yaounde,Briqueterie,37.3,Actif
CUST11822,NADÈGE MBOCK,636802975,2023-01-13,Bafoussam,Tougang,61.4,Actif
CUST11074,Suzanne KONE,665692629,2023-01-13,Yaounde,Etoudi,77.5,Inactif / Occasionnel
CUST10901,Fatoumata NDONGO,649910061,2023-01-15,Bafoussam,Ngouache,23.9,Actif
CUST11060,Sandrine FEUDJIO,665766169,2023-01-16,Bafoussam,Bamougoum,65.6,Inactif / Occasionnel
CUST11612,ALINE MBASSI,671753160,2023-01-16,Yaounde,Briqueterie,47.3,Actif
CUST11795,Isabelle bello,693851247,2023-01-18,Bafoussam,Lekie,30.9,Actif
CUST11303,Rodrigue MBARGA,676118957,2023-01-19,Douala,Makepe,18.7,Actif
CUST10728,Abdou tchiemegni,660372847,2023-01-19,Douala,Ndokotti,100.0,Actif
CUST10572,Nadège traore,629806690,2023-01-20,Bafoussam,Tougang,66.7,Actif
CUST10830,BALENG Thierry,643742830,2023-01-20,Douala,Ndogpassi,45.0,Actif
CUST12077,Aïcha FOFANA,621783073,2023-01-21,Douala,Nyalla,29.9,Actif
CUST10883,AURELIE TSIMI,617195288,2023-01-22,Douala,Nkolmesseng,34.4,Actif
CUST11275,HERVÉ OBAMA,671040347,2023-01-22,Yaounde,Emana,15.2,Actif
CUST10539,GASTON BALENG,638682516,2023-01-22,Douala,Ndokotti,64.2,Actif
CUST10562,Marie NJOH,619774839,2023-01-23,Douala,Bonapriso,8.3,Actif
CUST11409,Alain EBOUELE,667213476,2023-01-23,Yaounde,Melen,100.0,Actif
CUST10647,Patrick ISSA,682238741,2023-01-24,Douala,Bonamoussadi,57.7,Actif
CUST10310,Abdou MAHAMADOU,631130263,2023-01-26,Douala,Bonamoussadi,43.46415432929565,Actif
CUST11883,Gisèle BELINGA,641895531,2023-01-26,Yaounde,Messa,100.0,Actif
CUST12029,Astride marouf,614670638,2023-01-26,Douala,PK12,51.1,Actif
CUST11082,NGUEFACK Baudouin,687835998,2023-01-26,Douala,Bali,33.3,Actif
CUST12047,Marie TSIMI,628481124,2023-01-26,Douala,Ngodi-Bakoko,30.0,Actif
CUST11201,GHISLAIN EPEE,650550084,2023-01-27,Bafoussam,Ngouache,17.3,Actif
CUST10874,FOFANA Gaston,643887075,2023-01-28,Douala,Ndogpassi,56.2,Actif
CUST17186,jean ISSA,688561612,2023-01-29,Douala,Mboppi,16.6,Actif
CUST10154,Aurelie NGWA,633978249,2023-01-29,Douala,Bonapriso,20.3,Actif
CUST11418,Aïcha ngoufo,618815720,2023-01-29,Bafoussam,Baham-Route,17.9,Actif
CUST11230,Aminata TALLA,643638559,2023-01-29,Yaounde,Biyem-Assi,38.7,Actif
CUST10806,BARKA Estelle,696691619,2023-01-29,Yaounde,Madagascar,89.4,Actif
CUST11894,Franck CAMARA,677085942,2023-01-31,Douala,Nkolmesseng,43.46415432929565,Actif
CUST12062,CONSTANT BIKELE,625805613,2023-01-31,Bafoussam,Fomekoua,23.0,Actif
CUST10964,Céline FOUDA,668755000,2023-02-01,Bafoussam,Centre Ville,95.4,Actif
CUST10632,Marlène FEZE,665804273,2023-02-02,Douala,Bonanjo,43.46415432929565,Actif
CUST10899,NDOUMBE Mireille,670467027,2023-02-02,Yaounde,Efoulan,35.0,Actif
CUST10117,Vanessa NDOUMBE,688320463,2023-02-03,Bafoussam,Fomekoua,48.0,Actif
CUST10174,PROSPER BALDE,658718453,2023-02-03,Yaounde,Obili,37.8,Actif
CUST10138,Paul GARBA,643744231,2023-02-04,Douala,Village,43.46415432929565,Actif
CUST11912,Joël EKOTTO,699170406,2023-02-04,Douala,Bonapriso,65.3,Actif
CUST10300,Joël HASSAN,687736262,2023-02-05,Douala,Makepe,12.0,Actif
CUST10167,Pauline TCHAMBA,681182864,2023-02-07,Yaounde,Elig-Edzoa,32.3,Actif
CUST10747,MARGOT TCHAMBA,677908907,2023-02-08,Yaounde,Bastos,46.7,Actif
CUST12092,Prosper WAMBA,626288992,2023-02-09,Douala,Cité des Palmiers,46.5,Actif
CUST17347,Christian ESSAMA,613619375,2023-02-11,Yaounde,Biyem-Assi,100.0,Inactif / Occasionnel
CUST10199,Sandrine KOUYATE,663551839,2023-02-11,Douala,New-Bell,44.5,Actif
CUST10354,SOPHIE MENDO,638609087,2023-02-11,Douala,New-Bell,21.0,Actif
CUST10592,Céline KOLLO,652587010,2023-02-11,Yaounde,Etoudi,18.1,Actif
CUST10061,FEZE Ghislain,640587988,2023-02-12,Douala,PK8,30.3,Actif
CUST10517,Paul kouyate,635748341,2023-02-12,Douala,Cité des Palmiers,55.1,Actif
CUST11078,Raoul NKOLO,610344303,2023-02-12,Douala,Nyalla,15.6,Inactif / Occasionnel
CUST11966,Romain SANGARE,673538641,2023-02-14,Douala,Akwa,44.8,Actif
CUST10126,Alexis kone,624716857,2023-02-15,Yaounde,Etoudi,43.46415432929565,Inactif / Occasionnel
CUST11242,Guy nkolo,658970845,2023-02-15,Douala,Ngodi-Bakoko,22.1,Actif
CUST11814,Modibo DIALLO,669135982,2023-02-16,Douala,Deido,72.7,Actif
CUST10629,Thierry ndikum,654410148,2023-02-17,Bafoussam,Tamdja,81.5,Actif
CUST11820,CÉLINE BILONG,666191704,2023-02-17,Douala,Bali,29.7,Actif
CUST11239,Pierre nkodo,669166287,2023-02-17,Douala,Makepe,100.0,Actif
CUST11965,THIERRY ABENA,682884346,2023-02-18,Yaounde,Biyem-Assi,43.46415432929565,Actif
CUST10111,Sandrine wamba,643101783,2023-02-18,Douala,Ngodi-Bakoko,43.5,Actif
CUST11514,BOUBACAR NDONGO,610819505,2023-02-19,Yaounde,Nkomo,68.5,Actif
CUST11669,Joëlle TCHOUPO,694743076,2023-02-21,Douala,New-Bell,9.4,Actif
CUST11449,Stéphane MVONDO,651949529,2023-02-23,Douala,Ndokotti,58.1,Actif
CUST10773,TCHAMBA Nadine,621631697,2023-02-23,Douala,Bonamoussadi,33.0,Actif
CUST11246,BELLO Aurelie,653851498,2023-02-23,Bafoussam,Fomekoua,21.3,Actif
CUST10682,Aïcha DOUMBIA,638408562,2023-02-25,Yaounde,Melen,50.5,Actif
CUST11015,Luc DJOKAM,664247457,2023-02-26,Yaounde,Emana,20.9,Inactif / Occasionnel
CUST11033,THIERRY ASSOUMOU,683715012,2023-02-27,Bafoussam,Ngouache,10.2,Actif
CUST11127,Christian ATEBA,673013961,2023-02-28,Douala,Nkolmesseng,54.4,Actif
CUST10996,Khadija NKODO,654735895,2023-03-01,Douala,Cité des Palmiers,43.46415432929565,Actif
CUST10662,Boubacar ONANA,672732043,2023-03-02,Douala,Kotto,72.1,Actif
CUST17360,Hervé NDOUMBE,675437844,2023-03-04,Douala,Bonapriso,70.5,Actif
CUST10414,Laurent TSIMI,614835614,2023-03-05,Douala,Yassa,45.8,Actif
CUST11855,Viviane FEZE,660319927,2023-03-05,Yaounde,Mvog-Mbi,71.6,Actif
CUST12031,BALDE Marlène,619023909,2023-03-05,Yaounde,Bastos,47.2,Actif
CUST10670,Constant BILONG,698986321,2023-03-05,Douala,PK8,53.0,Actif
CUST11664,DJOKAM Sandrine,630261159,2023-03-06,Yaounde,Mimboman,65.3,Actif
CUST11107,VIVIANE TAKAM,699078806,2023-03-06,Douala,Deido,47.9,Actif
CUST10268,Aminata diboti,669476001,2023-03-08,Yaounde,Etoudi,33.7,Actif
CUST10357,BILONG Isabelle,627778019,2023-03-10,Douala,Nyalla,81.9,Actif
CUST17348,Marie GARBA,640158366,2023-03-11,Douala,Beedi,44.3,Actif
CUST10868,MARIE BARKA,673001391,2023-03-11,Bafoussam,Djeleng,41.1,Actif
CUST10678,ERIC SIDIBE,616749089,2023-03-12,Douala,Logbessou,26.9,Actif
CUST10009,Raoul NDJOCK,621668732,2023-03-13,Douala,Bonanjo,42.8,Actif
CUST10856,Bernard FOTSO,646817443,2023-03-13,Yaounde,Etoudi,19.9,Actif
CUST10349,Hawa EKOTTO,693370583,2023-03-13,Douala,Kotto,15.0,Inactif / Occasionnel
CUST10381,Alain KOUYATE,630863865,2023-03-14,Douala,Ndog-Bong,44.5,Actif
CUST10953,Joëlle BILONG,686397676,2023-03-14,Douala,Bonapriso,32.5,Actif
CUST17332,Régine TALLA,664520614,2023-03-15,Douala,Bepanda,16.1,Actif
CUST11473,DJENEBA KEITA,665137801,2023-03-15,Douala,Akwa,71.0,Actif
CUST11226,JOËL NTONGO,639394291,2023-03-17,Yaounde,Etoudi,53.3,Actif
CUST12017,Prosper ISSA,695828117,2023-03-18,Yaounde,Briqueterie,15.4,Actif
CUST11952,Marcel nguefack,628099607,2023-03-19,Douala,Akwa,39.0,Actif
CUST11198,Norbert ESSAMA,666949781,2023-03-20,Douala,Mboppi,40.8,Actif
CUST11179,ALINE ABOUNA,629208935,2023-03-21,Bafoussam,Mossap,15.7,Actif
CUST11857,Jules MONGO,613783268,2023-03-23,Yaounde,Mvog-Mbi,56.1,Actif
CUST17352,TCHOUPO Vanessa,615291208,2023-03-23,Yaounde,Obili,23.7,Actif
CUST11155,ALINE FOUDA,650193656,2023-03-23,Bafoussam,Famla,19.7,Actif
CUST10892,FOTSO Constant,665857931,2023-03-24,Bafoussam,Baham-Route,26.6,Actif
CUST11021,DIALLO Pauline,665465150,2023-03-25,Douala,Nkolmesseng,25.0,Actif
CUST17345,Raoul KAMGA,627738187,2023-03-25,Douala,Bonabéri,21.1,Actif
CUST11727,MBOCK Jules,617028380,2023-03-27,Douala,Yassa,12.7,Actif
CUST10182,MINLO Fatima,675228535,2023-03-27,Bafoussam,Pefura,24.6,Inactif / Occasionnel
CUST11345,Abdou ndongo,696128115,2023-03-29,Douala,PK8,32.8,Actif
CUST10328,Sophie TAKAM,666267415,2023-03-29,Yaounde,Mvog-Mbi,94.5,Inactif / Occasionnel
CUST11816,BALDE Nadège,647818761,2023-03-30,Douala,Bepanda,37.7,Actif
CUST17285,lydie NGONO,660992979,2023-03-30,Bafoussam,Pefura,100.0,Actif
CUST17286,Gisèle CAMARA,626941092,2023-03-31,Bafoussam,Ngouache,42.7,Actif
CUST10336,MARCEL NJOH,699889098,2023-04-01,Douala,Ndokotti,11.3,Actif
CUST10208,Ornella baleng,618593410,2023-04-02,Yaounde,Omnisport,34.6,Inactif / Occasionnel
CUST11097,Ghislain ALI,642051937,2023-04-02,Douala,Mboppi,62.7,Actif
CUST11930,NGAMOURI Gisèle,644044361,2023-04-02,Yaounde,Omnisport,20.1,Actif
CUST10950,Boris BELLO,632269779,2023-04-02,Yaounde,Essos,74.5,Actif
CUST10323,Evelyne mengue,687701200,2023-04-04,Douala,Ndogpassi,15.3,Actif
CUST11492,COLETTE OUMAROU,684660688,2023-04-05,Yaounde,Mvog-Mbi,21.3,Actif
CUST10247,MENGUE Khadija,672682989,2023-04-05,Yaounde,Nlongkak,42.0,Actif
CUST10129,Prosper COULIBALY,631472420,2023-04-06,Douala,Akwa,53.8,Actif
CUST10465,Prosper ndzana,647463522,2023-04-06,Douala,Ngodi-Bakoko,17.9,Inactif / Occasionnel
CUST10887,JEAN IBRAHIM,650780112,2023-04-06,Bafoussam,Baham-Route,55.9,Actif
CUST11203,Ibrahim NTONGO,661632653,2023-04-07,Douala,Bonabéri,43.46415432929565,Actif
CUST10238,Joël NGUEFACK,664634663,2023-04-08,Yaounde,Tsinga,68.1,Actif
CUST11105,BELLO Aminata,661167978,2023-04-09,Douala,Deido,15.8,Inactif / Occasionnel
CUST11251,Gaston ELA,682398083,2023-04-09,Douala,Bonabéri,53.6,Actif
CUST10443,Christian ETOA,699913412,2023-04-10,Bafoussam,Pefura,22.7,Inactif / Occasionnel
CUST11938,BILONG Khadija,623913528,2023-04-10,Yaounde,Mendong,15.0,Actif
CUST10249,Khadija YAYA,697705310,2023-04-11,Douala,Mboppi,76.3,Actif
CUST11499,COULIBALY Ibrahim,685291541,2023-04-12,Yaounde,Etoudi,25.3,Actif
CUST10714,DIALLO Laurent,672415804,2023-04-12,Bafoussam,Djeleng,63.9,Actif
CUST10833,Christiane nkodo,635848226,2023-04-12,Douala,Village,13.6,Actif
CUST11353,FOMEKONG Jean,685776373,2023-04-13,Douala,Ndog-Bong,82.8,Actif
CUST17293,paul KOLLO,680993218,2023-04-13,Yaounde,Nkomo,68.0,Actif
CUST11980,Baudouin EKOTTO,663690013,2023-04-14,Yaounde,Mvog-Mbi,19.6,Actif
CUST10763,MODIBO BIKELE,646249845,2023-04-14,Yaounde,Nkol-Eton,100.0,Actif
CUST11398,COLETTE ETOUNDI,692558242,2023-04-14,Douala,Bonanjo,61.7,Actif
CUST11967,Suzanne NJOH,643999198,2023-04-15,Douala,Akwa,62.9,Actif
CUST11673,Estelle TCHIEMEGNI,617539294,2023-04-15,Yaounde,Mvog-Mbi,70.6,Actif
CUST11204,Rabi djoumessi,674855088,2023-04-17,Douala,Bali,34.0,Actif
CUST11052,Larissa GARBA,671934487,2023-04-17,Douala,Bali,25.4,Inactif / Occasionnel
CUST11848,Wilfried mengue,617148018,2023-04-18,Yaounde,Nkol-Eton,43.46415432929565,Actif
CUST10472,Abdou EKOTTO,613704481,2023-04-20,Yaounde,Emana,22.2,Actif
CUST10934,Mireille MAROUF,641329612,2023-04-20,Douala,Beedi,7.3,Actif
CUST11164,Viviane FOUDA,629538047,2023-04-20,Douala,New-Bell,72.2,Actif
CUST11798,Pierre hassan,615864298,2023-04-21,Douala,Logbessou,24.7,Actif
CUST10116,MAHAMADOU Sandrine,667503414,2023-04-21,Yaounde,Mokolo,43.7,Actif
CUST12096,BARKA Romain,676306502,2023-04-21,Douala,Akwa,62.5,Actif
CUST11603,Moussa DIBOTI,695918360,2023-04-21,Bafoussam,Tamdja,26.8,Actif
CUST10836,Romain SIDIBE,681922443,2023-04-21,Yaounde,Emana,33.9,Inactif / Occasionnel
CUST17306,paul BALDE,616202700,2023-04-22,Yaounde,Nkomo,62.1,Actif
CUST10578,DIALLO Armel,633607110,2023-04-22,Douala,Nyalla,73.0,Actif
CUST10623,Aline TCHOUPO,661410126,2023-04-23,Douala,Bonamoussadi,63.8,Actif
CUST10814,Rabi nkuissi,642655866,2023-04-23,Douala,Ndogpassi,23.6,Actif
CUST11563,MARCEL MBOCK,699541016,2023-04-23,Bafoussam,Centre Ville,50.2,Actif
CUST11979,Mariama EPEE,668646621,2023-04-24,Douala,Bepanda,6.7,Actif
CUST10551,MARIAMA NGOUFO,622534217,2023-04-26,Douala,Village,11.9,Actif
CUST10948,MENGUE Serge,619584466,2023-04-26,Bafoussam,Mossap,46.9,Actif
CUST10931,MAROUF Honoré,647945817,2023-04-27,Yaounde,Madagascar,90.7,Actif
CUST10870,BILONG Lydie,669118721,2023-04-29,Yaounde,Mvog-Mbi,55.5,Actif
CUST11936,Edith ABOUNA,698195059,2023-04-29,Yaounde,Tsinga,17.8,Actif
CUST17304,CHRISTIAN KONE,636772387,2023-04-30,Douala,Bonanjo,17.6,Actif
CUST11596,THIERRY OYONO,671707170,2023-05-01,Bafoussam,Tougang,43.46415432929565,Inactif / Occasionnel
CUST17218,Christelle BARKA,667594492,2023-05-02,Douala,Kotto,20.1,Inactif / Occasionnel
CUST10463,Achille TCHAMBA,647393469,2023-05-04,Yaounde,Emana,55.4,Inactif / Occasionnel
CUST10841,Pierre TCHAMBA,647111151,2023-05-04,Yaounde,Melen,18.6,Actif
CUST10973,Marlène DIBOTI,622257687,2023-05-04,Douala,Bonamoussadi,34.6,Actif
CUST11471,NGANSO Céline,699927658,2023-05-04,Yaounde,Madagascar,29.4,Actif
CUST10847,NTONGO Serge,636054020,2023-05-05,Yaounde,Santa Barbara,34.4,Actif
CUST11622,FOMEKONG Norbert,620555833,2023-05-05,Bafoussam,Ngouache,49.1,Actif
CUST10102,Estelle DIBOTI,638538251,2023-05-05,Yaounde,Messa,30.4,Actif
CUST10890,Chancelle mbassi,625898299,2023-05-05,Douala,Makepe,58.4,Actif
CUST11850,Prosper MONGO,677378254,2023-05-06,Douala,Makepe,33.3,Actif
CUST11594,Romain ndikum,668548403,2023-05-06,Douala,Beedi,14.6,Actif
CUST10365,NDONGO Wilfried,682909480,2023-05-06,Yaounde,Briqueterie,31.8,Inactif / Occasionnel
CUST10533,MARIAMA NGONO,691424737,2023-05-07,Douala,Ndokotti,16.6,Actif
CUST10422,Josephine NKODO,651373735,2023-05-08,Douala,Bali,73.5,Actif
CUST11756,Hawa coulibaly,660557040,2023-05-08,Douala,Bepanda,55.9,Actif
CUST11019,Flore mboa,682825679,2023-05-09,Douala,Bali,32.8,Actif
CUST10599,EKOTTO Aline,631361812,2023-05-09,Yaounde,Briqueterie,23.6,Actif
CUST11976,BAUDOUIN ENGOLO,646670512,2023-05-10,Yaounde,Obili,31.2,Actif
CUST10914,NKODO Viviane,698641164,2023-05-10,Douala,Ndog-Bong,89.1,Actif
CUST11343,BALENG Gaston,698955314,2023-05-11,Bafoussam,Bamougoum,57.1,Actif
CUST17195,ibrahim Gaston,643822301,2023-05-12,Douala,Ngodi-Bakoko,73.6,Actif
CUST10409,MIREILLE COULIBALY,611297845,2023-05-12,Douala,Makepe,36.4,Actif
CUST11352,Régine djoumessi,626901217,2023-05-14,Douala,Bonapriso,67.4,Actif
CUST11998,MAROUF Isabelle,653112268,2023-05-15,Douala,Beedi,46.8,Actif
CUST10206,Baudouin NJIEMOUN,643273328,2023-05-16,Yaounde,Mimboman,67.3,Actif
CUST17253,Didier KONE,641383044,2023-05-17,Douala,Bonabéri,67.6,Actif
CUST11458,Hamidou NKOUAM,622243983,2023-05-17,Douala,Ndogpassi,100.0,Actif
CUST11599,KENFACK Honoré,687277086,2023-05-17,Douala,Akwa,78.1,Actif
CUST11006,Viviane NGAMOURI,663747791,2023-05-18,Bafoussam,Lekie,54.3,Actif
CUST10917,Honoré MVONDO,642194159,2023-05-18,Bafoussam,Famla,6.6,Inactif / Occasionnel
CUST10392,Jean nganso,643704923,2023-05-18,Yaounde,Emana,66.5,Actif
CUST11685,Aurelie FEUDJIO,696525668,2023-05-19,Yaounde,Mokolo,17.7,Actif
CUST17136,astride MONGO,655414869,2023-05-19,Douala,PK8,19.2,Actif
CUST11148,STANISLAS WAMBA,622130508,2023-05-22,Douala,Mboppi,100.0,Actif
CUST11987,ASTRIDE MAHAMADOU,659304469,2023-05-22,Yaounde,Nlongkak,24.5,Actif
CUST11773,MBASSI Denise,655866538,2023-05-22,Douala,Nyalla,32.8,Actif
CUST11371,NKOLO Achille,624754064,2023-05-23,Douala,Bonamoussadi,9.7,Actif
CUST11660,FLORE AMOUGOU,693821894,2023-05-25,Bafoussam,Tamdja,53.2,Actif
CUST10084,Carine NKOUAM,631931511,2023-05-25,Douala,Makepe,40.3,Actif
CUST11113,NGAMOURI Colette,677416376,2023-05-26,Yaounde,Mimboman,43.46415432929565,Actif
CUST11017,Jules MAROUF,610154493,2023-05-28,Bafoussam,Ngouache,55.0,Inactif / Occasionnel
CUST10544,EKOTTO Patricia,621381064,2023-05-28,Bafoussam,Kamkop,24.0,Actif
CUST11698,STANISLAS EPEE,635265073,2023-05-29,Yaounde,Etoudi,43.46415432929565,Actif
CUST11236,TCHOUPO Guy,696750368,2023-05-29,Yaounde,Madagascar,61.3,Actif
CUST17223,Kevin kollo,665833185,2023-05-30,Douala,Bonapriso,32.3,Actif
CUST11631,Nadège NDONGO,694989976,2023-05-31,Douala,Nkolmesseng,79.1,Inactif / Occasionnel
CUST11445,MVONDO Christelle,670867592,2023-06-01,Douala,Deido,29.9,Actif
CUST11478,Gaston EPEE,648604965,2023-06-01,Bafoussam,Ndiengdam,55.1,Inactif / Occasionnel
CUST10506,Régine talla,626726926,2023-06-01,Douala,Akwa,72.5,Actif
CUST11356,Paul SIDIBE,684384510,2023-06-02,Yaounde,Nkomo,11.0,Actif
CUST11868,FATIMA FOFANA,672962895,2023-06-04,Yaounde,Mendong,67.6,Actif
CUST11693,Aline NKODO,684399083,2023-06-04,Douala,Ndogpassi,51.3,Actif
CUST10166,Sylvain tamba,682394227,2023-06-05,Yaounde,Etoudi,24.2,Actif
CUST10794,Colette MENGUE,647080140,2023-06-06,Douala,Bepanda,38.9,Actif
CUST11994,EKOTTO Rodrigue,690859912,2023-06-06,Yaounde,Nkomo,24.2,Actif
CUST10360,KOUAM Carine,642787299,2023-06-06,Douala,Cité des Palmiers,12.2,Actif
CUST11509,Boubacar ENGOLO,634215035,2023-06-07,Yaounde,Efoulan,57.0,Actif
CUST10952,Stéphane talla,689865458,2023-06-07,Yaounde,Biyem-Assi,6.2,Actif
CUST17239,JOËLLE NKOUAM,659333209,2023-06-08,Douala,Yassa,84.8,Actif
CUST10933,DIBOTI Larissa,619553585,2023-06-08,Douala,Makepe,13.6,Actif
CUST10187,MVONDO Serge,698550256,2023-06-09,Douala,Kotto,83.2,Actif
CUST10745,MARIAMA NKUISSI,659737181,2023-06-12,Douala,Bepanda,18.7,Actif
CUST11043,Sandrine DIBOTI,631257157,2023-06-12,Yaounde,Mokolo,61.7,Actif
CUST11018,Sylvain SIDIBE,698269682,2023-06-13,Yaounde,Efoulan,83.1,Actif
CUST10358,Armel feze,656843172,2023-06-13,Bafoussam,Bamougoum,43.3,Actif
CUST11137,MAROUF Romain,652501540,2023-06-13,Yaounde,Melen,43.46415432929565,Actif
CUST10437,Didier BILONG,633763566,2023-06-13,Yaounde,Briqueterie,84.3,Actif
CUST10898,Stanislas mbock,661053474,2023-06-14,Douala,Bepanda,28.5,Actif
CUST11779,NADÈGE MFOU,620356922,2023-06-17,Douala,Bonapriso,65.2,Actif
CUST17100,Rabi ETOUNDI,637542226,2023-06-17,Douala,Yassa,100.0,Actif
CUST11181,Carine IBRAHIM,671894493,2023-06-18,Douala,Logbessou,43.5,Actif
CUST11652,CHRISTIANE NGONO,676319264,2023-06-18,Yaounde,Ngoa-Ekele,35.8,Actif
CUST11146,Achille ngamouri,648571356,2023-06-19,Yaounde,Emana,6.3,Actif
CUST17171,Aline BARRY,697883261,2023-06-20,Yaounde,Mimboman,6.4,Actif
CUST10188,Chancelle ngwa,673791320,2023-06-20,Yaounde,Mendong,38.6,Actif
CUST11580,Norbert ETOUNDI,676757928,2023-06-20,Yaounde,Ngoa-Ekele,51.7,Actif
CUST10595,Sandrine ABOUNA,677750178,2023-06-21,Douala,Bali,13.3,Actif
CUST10211,RAOUL KOUAM,688961459,2023-06-22,Yaounde,Mimboman,15.6,Actif
CUST11609,Sandrine tamba,653589647,2023-06-23,Douala,Logbessou,12.6,Actif
CUST17196,DJOUMESSI FLORE,694705205,2023-06-23,Yaounde,Mimboman,95.9,Actif
CUST11397,MOUSSA MVONDO,639735904,2023-06-24,Yaounde,Omnisport,41.3,Actif
CUST10583,RAOUL BARRY,643446826,2023-06-25,Yaounde,Essos,22.0,Actif
CUST10269,BERNARD ATEBA,683863413,2023-06-26,Douala,Mboppi,36.5,Inactif / Occasionnel
CUST11584,Fatima wamba,661030579,2023-06-26,Yaounde,Essos,45.6,Actif
CUST10214,Josephine KOUAM,688979095,2023-06-26,Bafoussam,Baham-Route,38.7,Actif
CUST11026,Ornella ETOUNDI,693568503,2023-06-28,Douala,Akwa,14.5,Actif
CUST11512,Patricia KENFACK,655610493,2023-06-30,Douala,PK8,43.46415432929565,Actif
CUST10317,Patrick MENDO,619121552,2023-07-01,Bafoussam,Fomekoua,52.7,Actif
CUST10709,Larissa traore,673560289,2023-07-01,Bafoussam,Bamougoum,15.9,Actif
CUST10334,Patricia BIKELE,644999379,2023-07-02,Douala,Nyalla,19.9,Actif
CUST11620,Denise DIBOTI,663747464,2023-07-02,Douala,Village,36.6,Actif
CUST12063,Marie TCHOUPO,645135070,2023-07-02,Douala,Mboppi,32.6,Actif
CUST11634,Djeneba OBAMA,678444607,2023-07-03,Douala,Deido,100.0,Actif
CUST10858,Mariama EKOTTO,617318358,2023-07-04,Yaounde,Bastos,65.4,Actif
CUST10326,Moussa MINLO,693131979,2023-07-04,Yaounde,Mvog-Mbi,73.7,Actif
CUST11040,Edith TCHAMBA,694560158,2023-07-04,Douala,Beedi,45.5,Actif
CUST10848,Marcel ibrahim,649761527,2023-07-04,Douala,Makepe,45.1,Actif
CUST17225,MBASSI Fatoumata,670667140,2023-07-05,Douala,PK8,59.1,Inactif / Occasionnel
CUST11426,Hawa traore,661124122,2023-07-05,Yaounde,Mvog-Mbi,62.9,Actif
CUST11128,ESTELLE ASSOUMOU,645570755,2023-07-06,Douala,Akwa,63.4,Actif
CUST12081,EPEE Marie,618715975,2023-07-06,Douala,Deido,15.5,Actif
CUST10900,Baudouin SIDIBE,669421007,2023-07-07,Douala,Makepe,66.1,Actif
CUST17191,marlène NKUISSI,699600766,2023-07-08,Douala,Ndog-Bong,53.0,Actif
CUST11056,ORNELLA ESSOH,676890827,2023-07-08,Yaounde,Omnisport,14.6,Inactif / Occasionnel
CUST11401,JOËL TAMBA,679987997,2023-07-08,Yaounde,Nkol-Eton,100.0,Actif
CUST11918,TSIMI Christiane,680606503,2023-07-08,Douala,Bonapriso,55.1,Actif
CUST10788,Solange AMOUGOU,638470244,2023-07-09,Yaounde,Bastos,40.8,Actif
CUST11656,Marie FOTSO,670251043,2023-07-09,Douala,New-Bell,26.8,Actif
CUST10912,NADÈGE WAMBA,638323322,2023-07-13,Yaounde,Nlongkak,43.46415432929565,Actif
CUST12024,Mariama amougou,631473054,2023-07-13,Yaounde,Jouvence,58.6,Actif
CUST11489,Abdou abate,640097636,2023-07-15,Douala,Bali,58.6,Actif
CUST11991,Franck ONANA,666975380,2023-07-15,Yaounde,Melen,72.0,Actif
CUST11748,Christelle mendo,698054173,2023-07-15,Bafoussam,Tamdja,41.4,Actif
CUST11610,Fatima FOFANA,633068427,2023-07-15,Bafoussam,Famla,30.8,Actif
CUST11923,Raoul TALLA,612729224,2023-07-17,Douala,PK12,43.46415432929565,Inactif / Occasionnel
CUST10922,CYRILLE CAMARA,610359129,2023-07-17,Bafoussam,Famla,44.9,Actif
CUST11695,Evelyne MENDO,670362235,2023-07-17,Douala,Bonamoussadi,32.9,Actif
CUST17156,TCHAMBA Constant,649375156,2023-07-19,Yaounde,Biyem-Assi,42.7,Actif
CUST11116,Ornella DJOUMESSI,623470708,2023-07-21,Yaounde,Nkol-Eton,52.5,Actif
CUST10971,Boubacar mbock,643603811,2023-07-22,Bafoussam,Tougang,45.1,Inactif / Occasionnel
CUST10254,ALI Abdou,655540424,2023-07-22,Douala,Ngodi-Bakoko,44.6,Actif
CUST11817,ISABELLE NGWA,661254050,2023-07-25,Douala,Kotto,38.2,Actif
CUST11617,YVETTE NDIKUM,642657384,2023-07-25,Bafoussam,Ndiengdam,60.5,Actif
CUST10076,Paul belinga,645833156,2023-07-25,Douala,PK8,41.2,Actif
CUST11277,Lydie TCHOUPO,645186708,2023-07-25,Douala,New-Bell,41.8,Actif
CUST11639,Evelyne tchamba,629822594,2023-07-26,Yaounde,Messa,100.0,Actif
CUST11423,Ornella KEITA,688566318,2023-07-26,Yaounde,Biyem-Assi,63.6,Actif
CUST11559,Christian ELA,648016697,2023-07-26,Douala,Akwa,48.2,Actif
CUST11058,Patricia DIBOTI,678299645,2023-07-26,Bafoussam,Baham-Route,56.5,Actif
CUST10164,Ornella ASSOUMOU,660185867,2023-07-26,Bafoussam,Lekie,100.0,Actif
CUST11573,OBAMA Céline,638351344,2023-07-28,Douala,Village,5.6,Actif
CUST11655,Ornella sidibe,687774890,2023-07-29,Bafoussam,Centre Ville,53.3,Actif
CUST10255,Flore MONGO,624665841,2023-07-29,Bafoussam,Mossap,17.8,Actif
CUST10768,Chancelle KONE,668461818,2023-07-29,Yaounde,Biyem-Assi,80.5,Actif
CUST10826,CHRISTELLE FOMEKONG,657219209,2023-07-30,Douala,Bonapriso,32.9,Actif
CUST10307,MAHAMADOU Patrick,673993471,2023-08-01,Yaounde,Melen,45.6,Actif
CUST10811,Aminata CAMARA,649491631,2023-08-02,Douala,Beedi,20.6,Inactif / Occasionnel
CUST17315,barry Lydie,657130035,2023-08-03,Yaounde,Essos,43.2,Actif
CUST11569,Moussa IBRAHIM,617352710,2023-08-03,Bafoussam,Lekie,2.1,Actif
CUST10872,Marlène OYONO,634744872,2023-08-04,Douala,PK12,37.0,Actif
CUST11268,PIERRE AKONO,659093496,2023-08-04,Douala,Bonanjo,100.0,Actif
CUST17117,honoré OUMAROU,642117961,2023-08-07,Douala,Deido,27.9,Actif
CUST10242,JULES ABENA,698447167,2023-08-07,Bafoussam,Centre Ville,100.0,Actif
CUST10691,Rabi MENDO,673123515,2023-08-07,Yaounde,Santa Barbara,21.0,Actif
CUST11964,Nadine TEGUIA,663448727,2023-08-08,Yaounde,Ngoa-Ekele,36.8,Actif
CUST11003,OBAMA Christiane,676500726,2023-08-08,Douala,Bali,34.3,Actif
CUST11392,Christian marouf,678885632,2023-08-09,Douala,Akwa,39.4,Actif
CUST11135,BALDE Yvette,681621574,2023-08-10,Bafoussam,Lekie,19.3,Inactif / Occasionnel
CUST10553,Ghislain KOUAM,651663795,2023-08-11,Yaounde,Elig-Edzoa,44.5,Inactif / Occasionnel
CUST10660,CONSTANT BELINGA,664266464,2023-08-12,Yaounde,Messa,22.3,Actif
CUST11571,Nadège tchoupo,637437207,2023-08-12,Bafoussam,Pefura,46.6,Actif
CUST10600,Norbert OBAMA,673709724,2023-08-13,Douala,Makepe,9.9,Actif
CUST10926,Aline NJIEMOUN,673070585,2023-08-13,Yaounde,Mendong,43.46415432929565,Actif
CUST10821,Guy BILONG,681259135,2023-08-14,Douala,Bonabéri,37.3,Actif
CUST17284,Jean NGOUFO,632814819,2023-08-14,Douala,Cité des Palmiers,41.1,Inactif / Occasionnel
CUST10777,SANGARE Vanessa,672372114,2023-08-15,Douala,Bonabéri,17.1,Actif
CUST10359,Patrick NKOUAM,619233013,2023-08-15,Bafoussam,Pefura,63.2,Actif
CUST17256,Aurelie MBOA,671705170,2023-08-16,Yaounde,Elig-Edzoa,48.6,Actif
CUST10786,Constant barka,634406132,2023-08-16,Bafoussam,Ngouache,39.6,Actif
CUST11697,MODIBO SOW,697488142,2023-08-18,Douala,Bonabéri,64.5,Actif
CUST10797,Yvette NGWA,679340535,2023-08-18,Douala,PK8,10.9,Actif
CUST10672,Franck ISSA,621267237,2023-08-19,Douala,Ndokotti,34.8,Actif
CUST11874,Josephine MAHAMADOU,644349528,2023-08-19,Douala,Bepanda,100.0,Actif
CUST11751,Estelle MENGUE,627307598,2023-08-20,Douala,Bepanda,8.3,Actif
CUST11282,Aline TEGUIA,624541967,2023-08-20,Douala,Village,16.5,Actif
CUST11681,Hamidou OYONO,617635653,2023-08-20,Bafoussam,Tamdja,36.4,Actif
CUST11863,Josephine MAHAMADOU,628468304,2023-08-20,Yaounde,Biyem-Assi,27.2,Actif
CUST11770,Armel nkuissi,651455302,2023-08-20,Bafoussam,Bamougoum,48.2,Actif
CUST11260,TOURE Stéphane,655461591,2023-08-21,Yaounde,Emana,12.6,Actif
CUST11064,Emmanuel TAKAM,671308842,2023-08-21,Bafoussam,Mossap,23.1,Actif
CUST10266,Luc ndzana,643528453,2023-08-22,Yaounde,Efoulan,21.1,Actif
CUST10027,AMINATA BALDE,689089901,2023-08-22,Douala,Ndokotti,15.1,Actif
CUST10637,Estelle MBASSI,688393811,2023-08-23,Douala,Ngodi-Bakoko,43.0,Actif
CUST11396,Marlène onana,677624084,2023-08-23,Yaounde,Madagascar,27.4,Actif
CUST11140,Yvette BILONG,682613940,2023-08-24,Yaounde,Mvog-Mbi,15.2,Actif
CUST11916,Sylvain nkolo,658399417,2023-08-24,Yaounde,Mimboman,70.5,Inactif / Occasionnel
CUST12045,FOUDA Saidou,620319387,2023-08-24,Yaounde,Jouvence,40.3,Actif
CUST10851,Hervé oumarou,634084236,2023-08-25,Douala,Nyalla,6.5,Actif
CUST11650,GHISLAIN BELLO,633776150,2023-08-25,Douala,Nkolmesseng,42.0,Actif
CUST10123,ALI Astride,676238574,2023-08-25,Douala,Logbessou,46.6,Actif
CUST11407,Bernard NDONGO,674287863,2023-08-26,Yaounde,Nkol-Eton,61.5,Actif
CUST11434,MINLO Aminata,623311507,2023-08-26,Douala,PK8,43.46415432929565,Actif
CUST11574,EBOUELE Céline,628419343,2023-08-26,Douala,Nyalla,48.8,Actif
CUST11588,MAHAMADOU Viviane,684990607,2023-08-27,Douala,Bonanjo,19.8,Actif
CUST17221,Modibo MAHAMADOU,690092958,2023-08-28,Yaounde,Melen,62.7,Actif
CUST11209,ETOA Lydie,658178682,2023-08-29,Bafoussam,Baham-Route,28.2,Actif
CUST10829,TCHOUPO Patrick,651154241,2023-08-29,Bafoussam,Bamougoum,50.9,Actif
CUST11957,Emmanuel ABOUNA,637057085,2023-08-30,Douala,Bepanda,43.46415432929565,Actif
CUST10401,Régine BELLO,627558317,2023-08-30,Douala,Bonamoussadi,31.7,Actif
CUST10282,Prosper ASSOUMOU,663826716,2023-08-31,Bafoussam,Baham-Route,31.0,Actif
CUST11053,Estelle SIDIBE,625766039,2023-09-03,Douala,Beedi,18.6,Actif
CUST11534,Colette WAMBA,653537934,2023-09-03,Douala,Ndog-Bong,3.6,Actif
CUST11448,Nadège MENGUE,622762205,2023-09-05,Bafoussam,Centre Ville,2.2,Actif
CUST10679,Emmanuel onana,644917589,2023-09-06,Douala,Village,54.8,Actif
CUST12033,Hamidou DOUMBIA,696592295,2023-09-06,Douala,Bonapriso,16.3,Actif
CUST10846,Aminata MAHAMADOU,623492385,2023-09-07,Douala,Ndog-Bong,40.4,Actif
CUST10312,CARINE NJOH,678159587,2023-09-07,Yaounde,Elig-Edzoa,22.9,Actif
CUST10470,Didier engolo,681969657,2023-09-08,Yaounde,Jouvence,25.1,Actif
CUST11839,GUY FOUDA,678901038,2023-09-08,Douala,Bonanjo,27.9,Actif
CUST10176,NTONGO Thierry,642138745,2023-09-09,Yaounde,Obili,23.4,Inactif / Occasionnel
CUST11427,Didier ENGOLO,690180577,2023-09-09,Bafoussam,Fomekoua,10.1,Actif
CUST10604,ROMAIN ALI,695585469,2023-09-10,Yaounde,Mokolo,78.3,Inactif / Occasionnel
CUST17375,RABI OYONO,619939096,2023-09-11,Yaounde,Briqueterie,42.7,Actif
CUST10909,Alain COULIBALY,623318904,2023-09-12,Douala,Mboppi,37.4,Actif
CUST11342,NDIKUM Christelle,622304198,2023-09-12,Yaounde,Mimboman,53.1,Actif
CUST11149,ASSOUMOU Isabelle,668246664,2023-09-12,Douala,Ndog-Bong,28.1,Actif
CUST12022,MONGO Romain,658762794,2023-09-12,Douala,Akwa,43.46415432929565,Actif
CUST10850,Chancelle FEUDJIO,658436637,2023-09-13,Douala,PK12,19.1,Inactif / Occasionnel
CUST10332,Hawa NJIEMOUN,680166708,2023-09-13,Douala,Bonanjo,60.9,Actif
CUST11438,Nadine CISSE,683998961,2023-09-14,Bafoussam,Fomekoua,100.0,Inactif / Occasionnel
CUST10782,Djeneba TALLA,655150390,2023-09-16,Douala,Ndokotti,43.46415432929565,Actif
CUST10293,Gustave diboti,698834863,2023-09-17,Bafoussam,Baham-Route,42.7,Actif
CUST10586,Alexis ndzana,627896471,2023-09-17,Bafoussam,Kamkop,43.46415432929565,Actif
CUST11805,SANGARE Baudouin,670254091,2023-09-19,Douala,Kotto,32.1,Actif
CUST12083,TEGUIA Flore,682769008,2023-09-20,Douala,Ndog-Bong,43.8,Actif
CUST10593,Flore diallo,669401199,2023-09-20,Douala,Mboppi,21.3,Actif
CUST10966,Joël SANGARE,690267122,2023-09-21,Yaounde,Biyem-Assi,11.8,Actif
CUST11061,Kevin SIDIBE,674759996,2023-09-22,Douala,Cité des Palmiers,53.5,Actif
CUST10893,LAURENT LOBE,691378577,2023-09-22,Douala,Bonapriso,22.6,Actif
CUST12023,Fatoumata ELA,678865239,2023-09-22,Bafoussam,Bamendzi,52.5,Inactif / Occasionnel
CUST11089,Aurelie tchoupo,656321751,2023-09-23,Douala,Village,36.9,Actif
CUST10535,Wilfried MBOA,653251559,2023-09-24,Douala,Bepanda,13.2,Actif
CUST11951,Alain BIYA,634464938,2023-09-26,Yaounde,Nkomo,43.46415432929565,Actif
CUST11707,Christelle GARBA,656095437,2023-09-26,Douala,Bepanda,63.6,Actif
CUST11101,BIKELE Sandrine,665133300,2023-09-29,Douala,Makepe,54.9,Actif
CUST17185,Wilfried ATEBA,690070438,2023-10-01,Douala,Bepanda,19.7,Actif
CUST10613,Paul NTONGO,648349783,2023-10-02,Douala,Village,43.46415432929565,Actif
CUST12056,Yvette ESSOH,613478029,2023-10-03,Yaounde,Emana,13.6,Actif
CUST10028,Marcel BARRY,647338124,2023-10-03,Yaounde,Madagascar,100.0,Actif
CUST10722,Laure BILONG,651746937,2023-10-05,Yaounde,Jouvence,25.3,Actif
CUST10919,STANISLAS MAHAMADOU,684087145,2023-10-08,Douala,Bonamoussadi,56.1,Actif
CUST10792,Guy MENDO,647535126,2023-10-08,Yaounde,Obili,37.6,Actif
CUST11367,Bertille DJOKAM,627447248,2023-10-09,Yaounde,Nkomo,68.3,Actif
CUST10024,Djeneba KOUAM,666306997,2023-10-10,Bafoussam,Ngouache,29.3,Actif
CUST10395,Aline oyono,695132217,2023-10-13,Douala,Bonanjo,42.8,Actif
CUST11796,Khadija SOW,632218290,2023-10-14,Yaounde,Jouvence,7.5,Actif
CUST11888,MBARGA Oumar,666348030,2023-10-15,Douala,Kotto,34.7,Actif
CUST10852,NKUISSI Modibo,650569669,2023-10-16,Yaounde,Omnisport,17.2,Actif
CUST10150,ESSAMA Oumar,670897765,2023-10-18,Douala,Village,84.9,Actif
CUST11100,Eric MVONDO,641348220,2023-10-19,Yaounde,Omnisport,14.2,Actif
CUST11804,Rémi NGUEFACK,648242379,2023-10-20,Douala,Cité des Palmiers,43.46415432929565,Actif
CUST12085,Djeneba CISSE,650259503,2023-10-20,Yaounde,Nkomo,30.3,Actif
CUST12072,ABENA Pierre,628217159,2023-10-20,Douala,Bepanda,28.6,Actif
CUST10248,Rémi NKOUAM,617270733,2023-10-21,Douala,Mboppi,6.6,Inactif / Occasionnel
CUST11513,Honoré NGUEFACK,657113566,2023-10-22,Douala,Nkolmesseng,38.9,Actif
CUST10753,NGUEFACK Paul,624165187,2023-10-23,Yaounde,Tsinga,84.9,Actif
CUST11187,HONORÉ DJOUMESSI,611261301,2023-10-24,Douala,Ndogpassi,45.7,Actif
CUST11984,Bernard nkolo,635074182,2023-10-24,Bafoussam,Bamendzi,47.7,Actif
CUST10744,Therese AKONO,698787891,2023-10-25,Bafoussam,Ndiengdam,32.8,Actif
CUST11516,Mariama BELLO,629226889,2023-10-25,Douala,Beedi,30.5,Actif
CUST10215,Romain NDONGO,639557077,2023-10-26,Douala,Bonapriso,47.3,Inactif / Occasionnel
CUST10642,BELINGA Mariama,610791358,2023-10-27,Yaounde,Melen,8.9,Actif
CUST11151,Rodrigue MBARGA,695060193,2023-10-28,Bafoussam,Mossap,45.9,Actif
CUST11475,ATEBA Norbert,699300492,2023-10-30,Douala,New-Bell,44.3,Actif
CUST11161,ALINE BALDE,658112135,2023-10-30,Douala,Yassa,100.0,Actif
CUST10132,Joël MAROUF,618526544,2023-10-31,Douala,Bepanda,24.4,Inactif / Occasionnel
CUST11524,Paul kamga,622315507,2023-10-31,Douala,Ndogpassi,29.7,Actif
CUST11464,Patrick bilong,627463800,2023-11-02,Yaounde,Efoulan,46.8,Actif
CUST11213,OUMAROU Aline,612944682,2023-11-02,Douala,Nyalla,41.3,Actif
CUST10137,Marcel fofana,681016525,2023-11-03,Yaounde,Elig-Edzoa,100.0,Actif
CUST11130,Joël NDOUMBE,693652460,2023-11-03,Douala,Bonabéri,6.9,Actif
CUST10219,Christian nkouam,617901903,2023-11-03,Bafoussam,Mossap,18.1,Inactif / Occasionnel
CUST10905,Denise ETOUNDI,686320155,2023-11-05,Douala,Ngodi-Bakoko,39.6,Actif
CUST11586,Saidou FOUDA,640884937,2023-11-05,Douala,Deido,35.6,Actif
CUST10895,BOUBACAR TAMBA,693002706,2023-11-07,Bafoussam,Mossap,18.0,Actif
CUST10018,Rémi marouf,690801586,2023-11-07,Douala,Bonamoussadi,32.9,Actif
CUST10775,ESSOH Marlène,670505620,2023-11-08,Douala,Logbessou,43.46415432929565,Actif
CUST11865,Therese BARKA,648504300,2023-11-08,Douala,Ndog-Bong,30.9,Inactif / Occasionnel
CUST11803,Rabi CAMARA,691952730,2023-11-08,Yaounde,Messa,74.3,Actif
CUST17321,tchamba Therese,694323222,2023-11-09,Bafoussam,Pefura,28.3,Actif
CUST10803,Hamidou tamba,684514489,2023-11-10,Douala,Nkolmesseng,46.0,Inactif / Occasionnel
CUST11997,Luc ABATE,649428661,2023-11-12,Yaounde,Omnisport,56.3,Actif
CUST11108,Kevin BARKA,697512508,2023-11-12,Bafoussam,Bamendzi,45.1,Actif
CUST10589,FLORENT NDIKUM,681287314,2023-11-12,Douala,Makepe,56.9,Actif
CUST10191,Céline NGOUFO,645575298,2023-11-13,Douala,Mboppi,54.9,Actif
CUST11474,SANGARE Gaston,657459130,2023-11-15,Yaounde,Tsinga,83.6,Actif
CUST10701,Gisèle njiemoun,614164775,2023-11-15,Douala,Logbessou,27.9,Actif
CUST17132,dawa Marcel,677292380,2023-11-16,Douala,Village,32.7,Actif
CUST10277,EBOUELE Baudouin,632321899,2023-11-16,Yaounde,Mvog-Mbi,33.6,Actif
CUST11758,Achille NGUEFACK,654087376,2023-11-17,Yaounde,Omnisport,15.0,Actif
CUST12038,FEUDJIO Astride,614346684,2023-11-20,Douala,Logbessou,47.3,Actif
CUST11867,Denise njoh,628628439,2023-11-21,Yaounde,Mokolo,100.0,Inactif / Occasionnel
CUST10737,Marcel SIDIBE,690585882,2023-11-21,Yaounde,Mokolo,52.5,Actif
CUST10066,Céline kone,661019678,2023-11-22,Douala,Bonabéri,41.3,Actif
CUST10963,ASTRIDE MBASSI,676276072,2023-11-23,Douala,Ndokotti,9.7,Actif
CUST11927,Paul NGUEFACK,695318289,2023-11-24,Douala,Mboppi,43.46415432929565,Actif
CUST10809,Patricia MINLO,612314351,2023-11-25,Yaounde,Briqueterie,49.1,Actif
CUST10896,Djeneba NDJOCK,640291214,2023-11-26,Yaounde,Briqueterie,47.3,Inactif / Occasionnel
CUST10325,Aminata kouyate,615334035,2023-11-27,Douala,Bali,80.5,Actif
CUST11210,Carine TCHIEMEGNI,687149951,2023-11-27,Yaounde,Melen,50.7,Actif
CUST11666,LUC MAHAMADOU,619165226,2023-11-28,Douala,Makepe,82.4,Actif
CUST17130,baleng Moussa,643491314,2023-11-28,Yaounde,Briqueterie,71.2,Inactif / Occasionnel
CUST10259,Florent etoundi,681979055,2023-11-29,Douala,Ndokotti,37.6,Actif
CUST11676,Marcel EBOUELE,619957701,2023-12-01,Bafoussam,Lekie,40.9,Actif
CUST10749,IBRAHIM KENFACK,655799273,2023-12-01,Yaounde,Bastos,46.8,Actif
CUST10205,Denise CISSE,626240908,2023-12-01,Douala,PK12,21.6,Actif
CUST11344,Josephine ABENA,638468360,2023-12-02,Yaounde,Tsinga,3.1,Actif
CUST10511,Fatoumata BELINGA,664813568,2023-12-03,Bafoussam,Bamendzi,6.9,Inactif / Occasionnel
CUST11452,Laurent lobe,699269266,2023-12-05,Yaounde,Mendong,63.1,Inactif / Occasionnel
CUST12065,Alain BELINGA,669897763,2023-12-05,Yaounde,Bastos,15.1,Actif
CUST11092,Céline BELINGA,682937948,2023-12-05,Yaounde,Santa Barbara,32.3,Actif
CUST10445,BERTILLE HASSAN,645810056,2023-12-07,Douala,Bonapriso,14.4,Actif
CUST11783,Christiane etoundi,682446804,2023-12-07,Yaounde,Bastos,24.3,Inactif / Occasionnel
CUST12004,KEVIN MVONDO,651137177,2023-12-07,Douala,Bepanda,52.0,Actif
CUST10977,Hamidou CAMARA,612784407,2023-12-08,Yaounde,Melen,28.2,Actif
CUST10873,EBOUELE Wilfried,616895666,2023-12-08,Yaounde,Biyem-Assi,91.3,Actif
CUST10751,BALDE Emmanuel,666379329,2023-12-09,Yaounde,Mokolo,94.3,Actif
CUST11712,TSIMI Saidou,615253567,2023-12-09,Douala,Akwa,55.7,Actif
CUST11362,Jean ELA,629804386,2023-12-09,Bafoussam,Tougang,62.1,Actif
CUST17167,Boubacar SOW,659858348,2023-12-10,Yaounde,Santa Barbara,52.9,Actif
CUST10924,NJOH Hamidou,670465583,2023-12-13,Yaounde,Essos,24.7,Actif
CUST10276,WILFRIED KAMGA,641726318,2023-12-13,Bafoussam,Centre Ville,47.1,Actif
CUST17307,paul DIALLO,653261270,2023-12-13,Bafoussam,Ndiengdam,70.9,Actif
CUST10568,Christelle ekotto,661536717,2023-12-14,Yaounde,Tsinga,40.6,Inactif / Occasionnel
CUST11298,Fatima NJOH,625659979,2023-12-15,Douala,Ndokotti,49.1,Actif
CUST11291,ARMEL KAMGA,696926431,2023-12-15,Yaounde,Tsinga,56.9,Actif
CUST10223,Marie baleng,654349361,2023-12-16,Douala,Cité des Palmiers,40.4,Actif
CUST11713,TALLA Christian,643251599,2023-12-16,Douala,Bonabéri,29.1,Actif
CUST10828,NGOUFO Ibrahim,646361787,2023-12-16,Douala,Ndokotti,27.1,Actif
CUST10227,Rodrigue KONE,647376585,2023-12-19,Douala,Bonamoussadi,43.46415432929565,Inactif / Occasionnel
CUST11055,Bernard balde,630665654,2023-12-19,Douala,Deido,67.5,Actif
CUST11830,CHANCELLE KOUYATE,684429198,2023-12-20,Yaounde,Obili,39.9,Actif
CUST10577,SANDRINE FEZE,639372360,2023-12-20,Douala,Bonamoussadi,16.0,Actif
CUST11375,Marcel NDZANA,611994519,2023-12-20,Yaounde,Mokolo,53.1,Actif
CUST11878,SUZANNE ATEBA,691722503,2023-12-20,Douala,Bonamoussadi,44.0,Actif
CUST10243,Pauline NDJOCK,667854710,2023-12-24,Douala,Yassa,43.9,Actif
CUST11080,Therese KAMGA,650071487,2023-12-24,Bafoussam,Bamougoum,7.3,Actif
CUST11162,MAHAMADOU Luc,660310319,2023-12-24,Yaounde,Melen,39.0,Actif
CUST11330,Christelle marouf,658678896,2023-12-24,Douala,Bonapriso,43.46415432929565,Actif
CUST11310,Lydie DOUMBIA,670887034,2023-12-26,Yaounde,Briqueterie,47.5,Actif
CUST10626,Wilfried KONE,618620650,2023-12-26,Douala,New-Bell,46.1,Actif
CUST10200,Nadine ASSOUMOU,697225156,2023-12-26,Yaounde,Nkol-Eton,17.7,Actif
CUST11757,Gaston MENGUE,696368203,2023-12-27,Bafoussam,Baham-Route,58.1,Actif
CUST10726,MODIBO ABOUNA,651870192,2023-12-27,Bafoussam,Ndiengdam,54.0,Actif
CUST10780,Solange ngoufo,699682738,2023-12-28,Douala,Bonabéri,49.8,Actif
CUST10620,Christiane FEZE,628572252,2023-12-29,Bafoussam,Pefura,17.5,Actif
CUST17294,ASSOUMOU BORIS,631980274,2023-12-31,Yaounde,Nlongkak,20.3,Actif
CUST10843,MVONDO Modibo,680415568,2023-12-31,Douala,Beedi,21.1,Actif
CUST10815,NGUEFACK Larissa,651098277,2024-01-01,Douala,Bonapriso,39.6,Actif
CUST17327,SANGARE Colette,671352751,2024-01-02,Douala,Mboppi,61.6,Actif
CUST11736,Régine BARRY,648137561,2024-01-02,Douala,Bepanda,15.7,Actif
CUST17287,Therese BALDE,684285882,2024-01-04,Yaounde,Mvog-Mbi,74.4,Actif
CUST10658,Marcel ELA,655114543,2024-01-04,Bafoussam,Centre Ville,25.4,Actif
CUST10285,Larissa NTONGO,660864911,2024-01-05,Bafoussam,Tamdja,9.4,Inactif / Occasionnel
CUST12046,Didier OUMAROU,687030477,2024-01-05,Douala,Village,60.5,Actif
CUST12014,DAWA Prosper,692523968,2024-01-06,Douala,Makepe,79.1,Actif
CUST11245,NDZANA Romain,649609054,2024-01-06,Bafoussam,Bamendzi,64.8,Actif
CUST11355,Serge mfou,619208698,2024-01-07,Yaounde,Omnisport,47.4,Inactif / Occasionnel
CUST11315,Hawa cisse,688831486,2024-01-07,Yaounde,Biyem-Assi,22.5,Actif
CUST11583,TEGUIA Serge,627339011,2024-01-12,Yaounde,Emana,43.46415432929565,Actif
CUST10085,Christian FOFANA,672043515,2024-01-12,Douala,Kotto,85.4,Actif
CUST11646,SOLANGE MAHAMADOU,690852623,2024-01-13,Yaounde,Etoudi,31.3,Actif
CUST11408,Franck WAMBA,663904155,2024-01-13,Douala,Ngodi-Bakoko,7.2,Actif
CUST10296,Oumar ESSAMA,635487660,2024-01-14,Douala,Yassa,47.7,Actif
CUST17128,feudjio Marlène,650056581,2024-01-14,Douala,Ndog-Bong,15.3,Actif
CUST17267,NDZANA Aminata,636726767,2024-01-15,Yaounde,Jouvence,36.5,Actif
CUST17179,Aline MBOCK,671510041,2024-01-17,Douala,Nyalla,14.7,Actif
CUST12068,Sylvain TCHOUPO,648329479,2024-01-18,Douala,Mboppi,43.46415432929565,Inactif / Occasionnel
CUST17280,didier issa,693394260,2024-01-18,Douala,Cité des Palmiers,32.5,Actif
CUST10507,Denise NGWA,650308572,2024-01-19,Yaounde,Efoulan,41.3,Actif
CUST11057,NJIEMOUN Christiane,649172995,2024-01-20,Douala,Yassa,27.9,Actif
CUST11625,Saidou diallo,655568701,2024-01-20,Douala,Bonapriso,73.3,Actif
CUST12087,Astride coulibaly,695590648,2024-01-21,Douala,Kotto,28.8,Actif
CUST11013,JOËLLE FOTSO,653389073,2024-01-21,Douala,Village,32.3,Actif
CUST17376,GUSTAVE ETOUNDI,651617680,2024-01-21,Douala,Ngodi-Bakoko,15.5,Actif
CUST17189,Alain CISSE,650181935,2024-01-22,Yaounde,Madagascar,16.3,Actif
CUST10736,EKANI Pierre,650477742,2024-01-24,Yaounde,Etoudi,43.46415432929565,Actif
CUST12060,NKUISSI Rodrigue,661940566,2024-01-26,Douala,Deido,59.2,Actif
CUST10790,Denise cisse,644675473,2024-01-27,Yaounde,Etoudi,27.2,Actif
CUST17111,Régine LOBE,697260863,2024-01-27,Bafoussam,Lekie,27.3,Actif
CUST11925,Colette tchamba,673100462,2024-01-28,Yaounde,Nkol-Eton,31.2,Actif
CUST10078,NDZANA Jean,619583482,2024-01-28,Yaounde,Obili,71.4,Actif
CUST10235,Fatima YAYA,673440831,2024-01-28,Douala,Ndog-Bong,14.8,Actif
CUST10363,Khadija CISSE,631172421,2024-01-29,Douala,Nkolmesseng,71.1,Actif
CUST11030,Alain FOUDA,616927215,2024-01-29,Bafoussam,Kamkop,100.0,Actif
CUST11041,ARMELLE BELLO,691721371,2024-01-30,Yaounde,Emana,12.3,Actif
CUST10805,Saidou ABATE,673900135,2024-01-31,Bafoussam,Tamdja,25.0,Actif
CUST10591,Serge BALENG,689920257,2024-01-31,Douala,Bonapriso,43.46415432929565,Actif
CUST17255,christian TALLA,611980765,2024-02-01,Yaounde,Briqueterie,36.6,Actif
CUST11789,Joëlle nkouam,627589104,2024-02-01,Bafoussam,Ndiengdam,45.6,Actif
CUST10802,Gaston nkodo,675575808,2024-02-02,Douala,Bonanjo,50.2,Inactif / Occasionnel
CUST10433,Eric CISSE,693303777,2024-02-02,Yaounde,Nkomo,62.7,Inactif / Occasionnel
CUST10278,Romain dawa,664547971,2024-02-03,Douala,PK8,45.0,Actif
CUST11470,Armel ngono,654244334,2024-02-04,Douala,Logbessou,57.5,Actif
CUST11068,JOSEPHINE BARKA,635583290,2024-02-06,Douala,Bonamoussadi,49.4,Inactif / Occasionnel
CUST17316,Régine BALDE,626046365,2024-02-07,Douala,Bepanda,37.9,Actif
CUST11034,EPEE Gaston,627584297,2024-02-08,Yaounde,Elig-Edzoa,18.4,Actif
CUST10684,Viviane NDIKUM,653868501,2024-02-09,Yaounde,Essos,47.8,Actif
CUST11985,Nadine EKANI,676599269,2024-02-09,Yaounde,Elig-Edzoa,50.5,Actif
CUST10101,TEGUIA Marlène,652235350,2024-02-10,Douala,Ngodi-Bakoko,24.6,Inactif / Occasionnel
CUST11461,Rodrigue tchamba,667965485,2024-02-10,Yaounde,Mvog-Mbi,88.1,Actif
CUST11536,Gaston baleng,690023800,2024-02-12,Douala,Cité des Palmiers,57.7,Actif
CUST11801,Alain ETOUNDI,641880763,2024-02-12,Yaounde,Messa,44.9,Actif
CUST11784,Céline belinga,680669879,2024-02-13,Douala,Bali,23.6,Actif
CUST11428,Evelyne ONANA,681210133,2024-02-13,Yaounde,Jouvence,27.5,Actif
CUST17219,NGUEFACK MARIAMA,658563745,2024-02-17,Douala,Ndokotti,16.7,Actif
CUST11077,Pierre mboa,645859307,2024-02-17,Douala,Ndokotti,73.9,Inactif / Occasionnel
CUST10748,Abdou MFOU,696911784,2024-02-18,Yaounde,Messa,100.0,Actif
CUST11928,Raoul NDIKUM,661926331,2024-02-19,Douala,Kotto,43.6,Actif
CUST11421,CHANCELLE NGONO,693794475,2024-02-19,Yaounde,Essos,6.4,Inactif / Occasionnel
CUST11869,Khadija SIDIBE,670210270,2024-02-20,Douala,Bonapriso,43.46415432929565,Actif
CUST11348,Isabelle AKONO,612866549,2024-02-21,Bafoussam,Famla,53.9,Actif
CUST10221,COLETTE MONGO,619046318,2024-02-23,Bafoussam,Tougang,69.6,Inactif / Occasionnel
CUST11887,Honoré ndjock,642002808,2024-02-27,Yaounde,Nlongkak,67.8,Actif
CUST10160,Moussa sidibe,678137358,2024-02-27,Bafoussam,Kamkop,100.0,Actif
CUST11564,MBARGA Gisèle,651395350,2024-02-28,Douala,Makepe,40.9,Actif
CUST10481,BIYA Larissa,668326160,2024-02-28,Yaounde,Melen,42.9,Actif
CUST11334,Hamidou MBASSI,696547189,2024-02-29,Yaounde,Nlongkak,66.8,Actif
CUST11739,Laurent AKONO,690893133,2024-03-01,Bafoussam,Famla,38.5,Actif
CUST11316,Sylvain ibrahim,630739712,2024-03-03,Douala,Makepe,32.2,Actif
CUST10524,Ornella nkuissi,650392808,2024-03-03,Bafoussam,Centre Ville,82.3,Actif
CUST11977,Serge OBAMA,626706752,2024-03-04,Douala,Mboppi,32.4,Actif
CUST11218,Gustave TAKAM,685957706,2024-03-05,Douala,Beedi,18.7,Actif
CUST11811,Pierre NKOLO,636040410,2024-03-08,Douala,Bonanjo,30.7,Actif
CUST11010,Boris MONGO,621819185,2024-03-08,Douala,PK12,100.0,Actif
CUST10217,Lydie sow,619528530,2024-03-09,Douala,Yassa,17.8,Actif
CUST10319,Luc ENGOLO,664193837,2024-03-10,Douala,Nyalla,35.0,Actif
CUST11651,EPEE Hamidou,694281857,2024-03-11,Yaounde,Nkol-Eton,54.5,Actif
CUST17322,NDONGO Joëlle,638688676,2024-03-12,Douala,Ndog-Bong,43.46415432929565,Actif
CUST10897,ESTELLE OBAMA,680138498,2024-03-12,Douala,Bepanda,24.2,Actif
CUST11206,Saidou NDJOCK,641837210,2024-03-12,Douala,Logbessou,48.4,Actif
CUST11440,Josephine NDIKUM,667723010,2024-03-15,Douala,Ndogpassi,57.8,Actif
CUST10329,Pierre MBOCK,698231132,2024-03-15,Yaounde,Ngoa-Ekele,36.0,Actif
CUST10594,Gustave NJIEMOUN,692228802,2024-03-16,Douala,Ndokotti,29.9,Actif
CUST10069,Norbert BARRY,695320121,2024-03-17,Douala,Bonabéri,36.1,Inactif / Occasionnel
CUST11382,Fatima TEGUIA,645617024,2024-03-17,Douala,Yassa,54.4,Actif
CUST11020,Ornella NKUISSI,672005415,2024-03-18,Douala,New-Bell,56.5,Actif
CUST11633,Patricia KONE,681216573,2024-03-19,Douala,Bonanjo,43.46415432929565,Actif
CUST17333,Florent FOUDA,683542887,2024-03-19,Douala,Bonapriso,16.7,Actif
CUST10719,Rodrigue TCHOUPO,691503378,2024-03-19,Yaounde,Jouvence,22.4,Actif
CUST11518,NGAMOURI Stanislas,698227303,2024-03-19,Bafoussam,Centre Ville,53.7,Actif
CUST10294,SANDRINE TSIMI,675319931,2024-03-23,Bafoussam,Lekie,77.2,Actif
CUST10913,Aminata mbassi,645520201,2024-03-23,Bafoussam,Ngouache,61.6,Actif
CUST10981,Boris ABOUNA,633513701,2024-03-23,Bafoussam,Lekie,43.46415432929565,Actif
CUST11517,Marlène BIYA,686010330,2024-03-23,Bafoussam,Ngouache,18.5,Actif
CUST11581,Sophie IBRAHIM,667801537,2024-03-24,Douala,New-Bell,12.5,Actif
CUST10262,Joël DIALLO,666623995,2024-03-24,Douala,Ndokotti,20.0,Actif
CUST17144,GUSTAVE NDONGO,658181396,2024-03-24,Bafoussam,Ndiengdam,43.46415432929565,Actif
CUST17114,BALENG Aïcha,617507864,2024-03-24,Bafoussam,Ndiengdam,92.5,Actif
CUST10844,Joëlle DOUMBIA,690099897,2024-03-25,Yaounde,Biyem-Assi,49.5,Actif
CUST11604,Colette MENDO,666061934,2024-03-26,Douala,Ndogpassi,21.3,Inactif / Occasionnel
CUST12028,BOUBACAR NJOH,668810561,2024-03-27,Yaounde,Nlongkak,24.4,Inactif / Occasionnel
CUST11554,NGANSO Aïcha,678765957,2024-03-27,Douala,Bonapriso,43.4,Actif
CUST11641,Boubacar kenfack,623798190,2024-03-27,Yaounde,Etoudi,42.3,Actif
CUST11532,Isabelle KEITA,659667685,2024-03-27,Douala,Village,52.3,Actif
CUST11605,Achille ELA,648858073,2024-03-30,Bafoussam,Tougang,33.2,Actif
CUST11302,OBAMA Djeneba,650851122,2024-03-30,Yaounde,Jouvence,7.4,Inactif / Occasionnel
CUST11762,Estelle DIALLO,622543044,2024-03-30,Douala,Bonanjo,75.7,Inactif / Occasionnel
CUST10056,NKODO Ibrahim,687490893,2024-03-31,Yaounde,Mimboman,4.4,Actif
CUST11593,Patrick NDIKUM,615677713,2024-03-31,Douala,Beedi,43.46415432929565,Actif
CUST10038,Astride doumbia,622448136,2024-04-04,Bafoussam,Ngouache,31.5,Actif
CUST11119,Paul BARKA,680591959,2024-04-04,Yaounde,Ngoa-Ekele,8.1,Actif
CUST10861,HONORÉ BOUKAR,626948946,2024-04-05,Douala,Deido,46.0,Actif
CUST11037,Aminata ABOUNA,675056916,2024-04-05,Douala,Nkolmesseng,36.6,Actif
CUST10091,LYDIE NTONGO,653524491,2024-04-06,Bafoussam,Bamougoum,47.3,Actif
CUST11500,YAYA Therese,693446356,2024-04-06,Yaounde,Tsinga,59.0,Inactif / Occasionnel
CUST11176,EDITH MBASSI,642323627,2024-04-07,Douala,Akwa,36.1,Inactif / Occasionnel
CUST11649,Pierre MBARGA,620113745,2024-04-09,Douala,Bali,48.1,Actif
CUST11096,Norbert ENGOLO,635320492,2024-04-09,Douala,Bonanjo,31.4,Actif
CUST10732,KENFACK Romain,689470029,2024-04-11,Douala,New-Bell,40.0,Inactif / Occasionnel
CUST11852,Aïcha BIYA,641645597,2024-04-12,Douala,Bonapriso,34.3,Actif
CUST11648,OYONO Christelle,697980930,2024-04-12,Douala,Yassa,45.0,Actif
CUST10344,SANDRINE MBARGA,671367643,2024-04-12,Yaounde,Elig-Edzoa,38.3,Actif
CUST17249,Marcel OUMAROU,640137082,2024-04-13,Bafoussam,Famla,25.9,Actif
CUST11710,Fatoumata EKANI,696721710,2024-04-13,Yaounde,Essos,22.2,Actif
CUST11234,Boris ngoufo,623041121,2024-04-14,Bafoussam,Lekie,33.3,Inactif / Occasionnel
CUST11909,Romain TSIMI,686593187,2024-04-15,Yaounde,Mokolo,39.2,Actif
CUST10152,Nadège issa,645351479,2024-04-15,Douala,Bonapriso,29.1,Actif
CUST10234,Djeneba MFOU,687337818,2024-04-16,Douala,PK8,38.3,Actif
CUST10228,Astride balde,699788677,2024-04-17,Douala,Deido,43.0,Actif
CUST11248,LUC MBARGA,633574011,2024-04-18,Yaounde,Efoulan,86.7,Inactif / Occasionnel
CUST10037,Fatima ONANA,623718431,2024-04-18,Douala,Nkolmesseng,37.8,Actif
CUST10229,Joël ateba,675151231,2024-04-18,Douala,Bonanjo,43.5,Actif
CUST11657,TCHOUPO Serge,685764804,2024-04-21,Yaounde,Obili,43.46415432929565,Actif
CUST10920,Solange MFOU,620075036,2024-04-21,Douala,Nkolmesseng,50.9,Inactif / Occasionnel
CUST10611,Margot NTONGO,669038700,2024-04-22,Yaounde,Omnisport,13.4,Inactif / Occasionnel
CUST11542,ROMAIN TOURE,616679008,2024-04-22,Douala,Ndog-Bong,28.5,Inactif / Occasionnel
CUST17240,bernard NDJOCK,620598952,2024-04-24,Yaounde,Emana,54.3,Actif
CUST11422,Wilfried takam,694970119,2024-04-26,Bafoussam,Bamendzi,14.1,Actif
CUST12055,Jules dawa,625226815,2024-04-26,Yaounde,Mvog-Mbi,11.2,Actif
CUST11257,JOSEPHINE DJOUMESSI,644489940,2024-04-27,Yaounde,Mokolo,77.6,Actif
CUST10832,SYLVAIN MENDO,626194158,2024-04-27,Yaounde,Elig-Edzoa,49.0,Actif
CUST10440,BARRY Moussa,634073380,2024-04-27,Douala,Bonanjo,9.3,Actif
CUST10047,FATIMA ONANA,681971316,2024-04-28,Bafoussam,Mossap,63.9,Actif
CUST11336,Sandrine MINLO,618126895,2024-04-30,Yaounde,Nkol-Eton,61.5,Actif
CUST10109,Pierre MBASSI,645551614,2024-05-02,Yaounde,Essos,20.9,Actif
CUST11446,ORNELLA KONE,663516659,2024-05-03,Bafoussam,Bamougoum,19.5,Actif
CUST11090,NGUEFACK Sophie,654619335,2024-05-04,Douala,Ndokotti,59.1,Actif
CUST11004,Moussa TALLA,648683937,2024-05-05,Yaounde,Etoudi,39.0,Actif
CUST10210,CHRISTIAN DAWA,612823170,2024-05-06,Douala,PK12,29.6,Inactif / Occasionnel
CUST11220,Marlène tamba,691390501,2024-05-06,Yaounde,Mokolo,16.3,Actif
CUST10582,EPEE Alain,684813739,2024-05-08,Yaounde,Elig-Edzoa,49.4,Actif
CUST17228,khadija ekani,698292612,2024-05-08,Yaounde,Emana,27.5,Inactif / Occasionnel
CUST10083,KEVIN TRAORE,642857966,2024-05-08,Douala,Bonamoussadi,52.8,Inactif / Occasionnel
CUST10476,TAMBA Mireille,687925434,2024-05-09,Douala,Ndogpassi,54.4,Inactif / Occasionnel
CUST11963,Constant CAMARA,679173614,2024-05-10,Bafoussam,Baham-Route,39.5,Actif
CUST10823,FLORE BALDE,667110154,2024-05-11,Bafoussam,Fomekoua,63.6,Actif
CUST10928,KENFACK Rémi,614380847,2024-05-12,Douala,Logbessou,100.0,Inactif / Occasionnel
CUST11821,Khadija SANGARE,631751079,2024-05-13,Douala,Bonanjo,49.8,Actif
CUST17339,PAULINE NDJOCK,652352128,2024-05-13,Douala,Bali,31.6,Actif
CUST12015,Alexis BILONG,668376726,2024-05-13,Bafoussam,Ngouache,29.4,Actif
CUST11249,Boubacar MVONDO,636950221,2024-05-13,Yaounde,Biyem-Assi,67.9,Actif
CUST10687,ALEXIS ETOA,647346970,2024-05-13,Douala,Makepe,57.2,Actif
CUST11472,Rodrigue MENDO,626405605,2024-05-13,Yaounde,Messa,100.0,Actif
CUST11728,Josephine TEGUIA,694676162,2024-05-14,Douala,PK12,11.3,Actif
CUST11380,Aïcha AMOUGOU,612118101,2024-05-14,Yaounde,Bastos,43.46415432929565,Actif
CUST12037,Marlène TEGUIA,686134287,2024-05-15,Douala,New-Bell,42.5,Actif
CUST10425,HAMIDOU OYONO,658024342,2024-05-17,Douala,Ndog-Bong,49.4,Actif
CUST10430,Isabelle KOUYATE,657469942,2024-05-17,Douala,Bali,36.2,Actif
CUST17349,Rodrigue TSIMI,662401521,2024-05-19,Douala,Bepanda,69.3,Actif
CUST11552,Aïcha KOLLO,646663833,2024-05-20,Bafoussam,Baham-Route,45.0,Actif
CUST11385,Marlène djokam,666500369,2024-05-21,Yaounde,Bastos,42.5,Actif
CUST10685,Fatima ngamouri,655298556,2024-05-21,Bafoussam,Ngouache,41.0,Actif
CUST10648,Modibo EBOUELE,683300637,2024-05-23,Douala,PK12,45.3,Actif
CUST11778,Oumar YAYA,630796389,2024-05-24,Bafoussam,Lekie,33.9,Actif
CUST11914,TOURE Solange,621490910,2024-05-24,Yaounde,Mvog-Mbi,43.46415432929565,Actif
CUST10088,Cyrille ABOUNA,695899313,2024-05-24,Yaounde,Ngoa-Ekele,46.9,Actif
CUST10033,Christelle DIALLO,647295260,2024-05-26,Douala,Logbessou,54.0,Actif
CUST10279,Nadège CAMARA,675181648,2024-05-26,Bafoussam,Fomekoua,70.0,Inactif / Occasionnel
CUST10621,MARLÈNE NJIEMOUN,630244148,2024-05-26,Douala,Bepanda,28.3,Actif
CUST11180,KENFACK Didier,641163805,2024-05-27,Bafoussam,Lekie,43.46415432929565,Actif
CUST10289,BOUBACAR BIKELE,671070189,2024-05-27,Yaounde,Mimboman,24.4,Actif
CUST11679,SANGARE Gisèle,670654852,2024-05-27,Yaounde,Etoudi,49.0,Actif
CUST10590,Marie KEITA,685017682,2024-05-28,Yaounde,Omnisport,35.3,Actif
CUST11256,Cyrille FEZE,632084778,2024-05-28,Douala,Akwa,68.8,Actif
CUST11199,Saidou CISSE,643567615,2024-05-29,Douala,Ndog-Bong,27.2,Actif
CUST11444,ISABELLE NKOLO,655490631,2024-05-31,Douala,Nkolmesseng,7.5,Actif
CUST11479,Christiane OBAMA,690585678,2024-06-01,Yaounde,Efoulan,44.2,Inactif / Occasionnel
CUST10331,Cyrille TSIMI,685863473,2024-06-01,Yaounde,Melen,55.0,Actif
CUST17152,NDIKUM Sylvain,672394301,2024-06-03,Douala,Makepe,39.7,Inactif / Occasionnel
CUST12086,MBARGA Marlène,631139996,2024-06-03,Douala,Ndogpassi,31.3,Actif
CUST10464,Pauline mongo,619317495,2024-06-03,Yaounde,Jouvence,31.2,Actif
CUST10179,Sandrine ONANA,686149359,2024-06-04,Douala,Nyalla,59.0,Actif
CUST11309,Thierry ISSA,662163160,2024-06-04,Douala,Ngodi-Bakoko,10.6,Actif
CUST11000,Chancelle NJOH,631585546,2024-06-06,Yaounde,Essos,23.0,Actif
CUST11777,Eric BIYA,628463709,2024-06-07,Douala,Yassa,50.5,Actif
CUST12000,Astride ngono,620746667,2024-06-07,Bafoussam,Lekie,14.2,Inactif / Occasionnel
CUST10640,Ibrahim EBOUELE,661053877,2024-06-10,Bafoussam,Tamdja,78.7,Actif
CUST11455,Armel barry,630486849,2024-06-10,Douala,Beedi,31.1,Actif
CUST11347,Paul BARKA,690147573,2024-06-10,Bafoussam,Djeleng,12.5,Actif
CUST11653,BOUKAR Modibo,672270726,2024-06-11,Douala,Bepanda,78.6,Actif
CUST10935,EKANI Raoul,645507920,2024-06-12,Yaounde,Etoudi,33.0,Actif
CUST10975,Chancelle NDONGO,687201917,2024-06-13,Douala,Ndogpassi,49.5,Actif
CUST17147,Laurent NTONGO,698575748,2024-06-14,Yaounde,Nkol-Eton,66.2,Actif
CUST17279,ntongo Serge,675998319,2024-06-14,Douala,Ndokotti,51.1,Actif
CUST11528,Modibo HASSAN,666348963,2024-06-16,Yaounde,Ngoa-Ekele,43.46415432929565,Actif
CUST11126,Boris TCHOUPO,620043277,2024-06-16,Douala,New-Bell,23.7,Actif
CUST10496,NADÈGE NGOUFO,682269803,2024-06-17,Douala,PK12,8.2,Actif
CUST10163,Guy HASSAN,630513739,2024-06-18,Bafoussam,Kamkop,29.9,Actif
CUST17222,christian NGOUFO,649711319,2024-06-18,Douala,Yassa,55.7,Actif
CUST11169,MODIBO ATEBA,634166826,2024-06-18,Douala,Cité des Palmiers,21.4,Actif
CUST11716,Colette NKOUAM,680339290,2024-06-19,Douala,Bonanjo,9.6,Actif
CUST11917,DJOKAM Ibrahim,619083764,2024-06-19,Douala,Beedi,14.4,Actif
CUST12094,Evelyne COULIBALY,628639738,2024-06-19,Douala,Cité des Palmiers,31.7,Inactif / Occasionnel
CUST17199,Fatima HASSAN,624282218,2024-06-19,Bafoussam,Baham-Route,71.6,Actif
CUST10180,BERNARD ISSA,620570592,2024-06-20,Bafoussam,Bamendzi,56.0,Actif
CUST10951,BELLO Abdou,651286958,2024-06-20,Douala,Nyalla,43.46415432929565,Actif
CUST10429,MBOCK Laurent,623796726,2024-06-20,Yaounde,Bastos,44.5,Actif
CUST10065,PATRICK GARBA,623556182,2024-06-21,Bafoussam,Ndiengdam,29.3,Inactif / Occasionnel
CUST11782,ONANA Emmanuel,678140959,2024-06-21,Douala,Bonabéri,77.4,Actif
CUST11531,GISÈLE OUMAROU,631127115,2024-06-22,Douala,Kotto,24.5,Actif
CUST10186,Joël amougou,627232410,2024-06-22,Yaounde,Efoulan,43.46415432929565,Actif
CUST11109,Constant dawa,630415230,2024-06-22,Bafoussam,Djeleng,15.2,Actif
CUST11960,Céline KONE,615624520,2024-06-23,Douala,Bonamoussadi,23.2,Actif
CUST10366,Edith obama,650603163,2024-06-23,Yaounde,Nlongkak,39.7,Actif
CUST10675,SOPHIE OBAMA,628213276,2024-06-23,Douala,Bonanjo,4.1,Actif
CUST10104,Patrick TSIMI,677005685,2024-06-24,Yaounde,Essos,7.2,Actif
CUST10865,MARIAMA BOUKAR,611646234,2024-06-25,Douala,PK12,37.8,Actif
CUST11114,Colette yaya,689212676,2024-06-26,Bafoussam,Tamdja,8.8,Actif
CUST11931,GASTON ESSAMA,612179995,2024-06-30,Douala,Kotto,20.3,Actif
CUST11027,Rabi KOLLO,676906611,2024-07-03,Yaounde,Ngoa-Ekele,14.5,Actif
CUST11094,CONSTANT TAMBA,671115319,2024-07-03,Douala,Bonanjo,38.4,Inactif / Occasionnel
CUST11049,Christelle dawa,622510327,2024-07-04,Douala,Nkolmesseng,60.0,Actif
CUST10251,JULES BARRY,623209423,2024-07-05,Bafoussam,Djeleng,43.46415432929565,Actif
CUST10878,Didier DOUMBIA,663782042,2024-07-06,Yaounde,Omnisport,74.4,Inactif / Occasionnel
CUST10008,Chancelle COULIBALY,683197857,2024-07-06,Douala,Bonanjo,22.5,Actif
CUST10032,Luc ETOUNDI,655667651,2024-07-07,Douala,Bonapriso,62.5,Actif
CUST11841,Hamidou sangare,668716573,2024-07-07,Douala,Deido,30.2,Actif
CUST10489,Bertille BIKELE,687388337,2024-07-07,Douala,Makepe,64.1,Actif
CUST11616,CAMARA Ornella,624208709,2024-07-07,Douala,Bonapriso,29.6,Actif
CUST11286,Aïcha CISSE,693154172,2024-07-08,Yaounde,Ngoa-Ekele,20.2,Inactif / Occasionnel
CUST10525,Florent NDOUMBE,664502486,2024-07-09,Douala,Bepanda,71.2,Actif
CUST12064,Vanessa sow,644935501,2024-07-09,Douala,Deido,33.5,Actif
CUST11350,CONSTANT ABENA,654762841,2024-07-10,Douala,Mboppi,43.46415432929565,Actif
CUST10237,DIALLO Yvette,673481353,2024-07-11,Douala,Bepanda,45.3,Actif
CUST10565,Fatima doumbia,694525678,2024-07-11,Douala,Ndokotti,9.8,Actif
CUST11308,YAYA Solange,628208520,2024-07-11,Douala,Bonamoussadi,100.0,Actif
CUST11940,Abdou ETOA,654629892,2024-07-14,Bafoussam,Centre Ville,12.9,Actif
CUST11935,Chancelle ekotto,642363373,2024-07-14,Yaounde,Elig-Edzoa,38.7,Actif
CUST17281,HASSAN CARINE,623903144,2024-07-14,Douala,Ngodi-Bakoko,15.5,Actif
CUST10361,FLORENT NJOH,659597086,2024-07-18,Yaounde,Mokolo,78.2,Actif
CUST10888,Prosper belinga,621432787,2024-07-18,Yaounde,Biyem-Assi,34.4,Actif
CUST11212,Florent lobe,649625201,2024-07-19,Douala,Logbessou,20.6,Actif
CUST10911,KOLLO Colette,693955206,2024-07-22,Douala,Bonapriso,100.0,Actif
CUST10557,Romain BALDE,613278320,2024-07-22,Douala,Akwa,73.9,Actif
CUST10257,Marcel MBASSI,635714784,2024-07-23,Douala,Nkolmesseng,57.1,Actif
CUST11572,Bertille MBARGA,650455821,2024-07-24,Yaounde,Nkol-Eton,15.4,Actif
CUST10178,Josephine FEZE,642329237,2024-07-25,Yaounde,Mimboman,7.6,Actif
CUST11849,Laurent ebouele,663211150,2024-07-26,Douala,PK8,70.1,Actif
CUST10674,MAHAMADOU Kevin,667527432,2024-07-26,Yaounde,Biyem-Assi,62.7,Inactif / Occasionnel
CUST10608,GASTON KONE,694120751,2024-07-26,Bafoussam,Tougang,39.9,Actif
CUST11313,TCHOUPO Christiane,682503409,2024-07-27,Bafoussam,Tougang,7.3,Actif
CUST10128,Marcel MAHAMADOU,694214382,2024-07-28,Douala,Ndogpassi,42.5,Inactif / Occasionnel
CUST10270,Suzanne DAWA,623141087,2024-07-29,Bafoussam,Baham-Route,44.4,Actif
CUST10734,Ghislain MFOU,642594692,2024-07-29,Bafoussam,Kamkop,100.0,Actif
CUST10940,ESSAMA Larissa,667061186,2024-07-30,Yaounde,Mvog-Mbi,72.1,Actif
CUST11546,Margot mvondo,698843907,2024-07-30,Yaounde,Essos,91.5,Actif
CUST11706,YVETTE LOBE,623891786,2024-07-31,Yaounde,Briqueterie,48.5,Actif
CUST10580,Fatima marouf,672350830,2024-08-02,Bafoussam,Fomekoua,43.46415432929565,Actif
CUST10955,NDZANA Aïcha,668942178,2024-08-02,Douala,Ngodi-Bakoko,71.1,Actif
CUST11790,Christelle IBRAHIM,690161060,2024-08-03,Douala,New-Bell,68.7,Actif
CUST11133,FOTSO Oumar,620779739,2024-08-04,Douala,Yassa,35.6,Actif
CUST12020,Saidou TAMBA,695565484,2024-08-07,Yaounde,Efoulan,66.2,Actif
CUST11504,HASSAN Vanessa,613523729,2024-08-07,Yaounde,Mendong,26.3,Actif
CUST10011,Sylvain TAKAM,666629388,2024-08-07,Douala,Ndogpassi,25.8,Inactif / Occasionnel
CUST10994,Rémi NGANSO,656702542,2024-08-08,Douala,Nkolmesseng,43.46415432929565,Actif
CUST11851,Solange tchoupo,660192261,2024-08-08,Bafoussam,Mossap,62.0,Actif
CUST10696,Larissa BALDE,640094589,2024-08-08,Douala,Nkolmesseng,100.0,Actif
CUST10049,Aline NGONO,660806024,2024-08-09,Yaounde,Tsinga,27.8,Actif
CUST11125,Baudouin ABENA,630718012,2024-08-11,Douala,Bonamoussadi,24.0,Inactif / Occasionnel
CUST11301,Ibrahim LOBE,614994527,2024-08-11,Bafoussam,Bamougoum,41.1,Actif
CUST10932,Therese TRAORE,670939053,2024-08-12,Douala,Cité des Palmiers,48.4,Inactif / Occasionnel
CUST11240,Achille AKONO,614478111,2024-08-12,Douala,Deido,25.9,Actif
CUST10080,NDZANA Joël,695225343,2024-08-13,Yaounde,Santa Barbara,75.0,Actif
CUST11435,NGUEFACK Florent,625356396,2024-08-13,Douala,Bonanjo,51.9,Actif
CUST11624,Serge MBOCK,651644346,2024-08-13,Yaounde,Mendong,44.2,Actif
CUST11363,Norbert MAHAMADOU,689991301,2024-08-13,Douala,Bonanjo,100.0,Inactif / Occasionnel
CUST11768,Raoul EKANI,612446861,2024-08-15,Douala,Ngodi-Bakoko,20.8,Actif
CUST10477,FOFANA Prosper,645630292,2024-08-17,Douala,Ngodi-Bakoko,51.4,Actif
CUST10330,Saidou kouam,688339168,2024-08-19,Douala,Bonapriso,7.6,Actif
CUST11721,FOFANA Marie,660043345,2024-08-19,Yaounde,Mendong,64.9,Actif
CUST11319,Cyrille EBOUELE,623290458,2024-08-19,Douala,Bepanda,28.8,Actif
CUST10552,Eric BOUKAR,641523529,2024-08-19,Yaounde,Melen,46.6,Actif
CUST11067,Sophie oumarou,661484043,2024-08-20,Douala,Nkolmesseng,65.3,Actif
CUST11376,Sandrine TOURE,658082464,2024-08-21,Douala,Bonabéri,40.7,Actif
CUST11802,Patrick NTONGO,669619341,2024-08-22,Douala,New-Bell,100.0,Actif
CUST11262,LUC ABENA,672858374,2024-08-23,Douala,Ndogpassi,51.8,Actif
CUST17303,eric BIKELE,613885234,2024-08-23,Bafoussam,Pefura,56.6,Actif
CUST11076,THIERRY TSIMI,678147397,2024-08-23,Yaounde,Madagascar,20.3,Actif
CUST11833,STANISLAS KAMGA,626733967,2024-08-25,Yaounde,Obili,54.2,Actif
CUST11996,Ghislain TRAORE,683212334,2024-08-25,Douala,Cité des Palmiers,11.4,Inactif / Occasionnel
CUST10233,Pierre SIDIBE,686644106,2024-08-29,Yaounde,Mokolo,58.2,Inactif / Occasionnel
CUST10271,Wilfried MBOCK,616789850,2024-09-01,Douala,Akwa,43.46415432929565,Actif
CUST11618,Joëlle KENFACK,668475513,2024-09-01,Bafoussam,Pefura,79.0,Actif
CUST11731,Rabi NKOUAM,618846539,2024-09-02,Douala,Village,8.1,Actif
CUST10863,Armel ABOUNA,675884623,2024-09-03,Douala,Ndogpassi,40.1,Actif
CUST12043,Djeneba BARRY,659930790,2024-09-04,Douala,Ndogpassi,36.6,Actif
CUST10275,CARINE BIKELE,622517517,2024-09-04,Douala,Akwa,37.3,Actif
CUST11389,Nadège kouyate,673920651,2024-09-07,Douala,Bepanda,27.4,Actif
CUST17142,Moussa MAHAMADOU,618163847,2024-09-08,Douala,Village,19.1,Actif
CUST11754,Aurelie TALLA,651551377,2024-09-08,Douala,Bonabéri,25.9,Actif
CUST11672,Abdou kouyate,689379016,2024-09-09,Bafoussam,Mossap,75.0,Actif
CUST10042,Fatoumata essama,656164955,2024-09-12,Bafoussam,Centre Ville,73.0,Actif
CUST11191,NDIKUM Norbert,631203129,2024-09-12,Douala,Cité des Palmiers,18.6,Actif
CUST10311,Boubacar engolo,617634247,2024-09-12,Douala,Mboppi,100.0,Actif
CUST11024,ESSAMA Estelle,679583757,2024-09-13,Yaounde,Omnisport,43.46415432929565,Actif
CUST10907,Bernard NGANSO,618083974,2024-09-13,Yaounde,Obili,64.2,Actif
CUST12052,BIKELE Larissa,697182566,2024-09-15,Yaounde,Elig-Edzoa,11.2,Actif
CUST10680,DJOKAM Boris,660882459,2024-09-16,Yaounde,Nkol-Eton,36.3,Actif
CUST10055,SUZANNE KAMGA,658537831,2024-09-17,Douala,Beedi,52.1,Actif
CUST11351,Estelle nguefack,642691263,2024-09-17,Bafoussam,Bamougoum,13.4,Actif
CUST10183,Fatima ISSA,619289546,2024-09-18,Douala,Bonapriso,72.5,Actif
CUST11845,DJOUMESSI Marie,656920514,2024-09-19,Yaounde,Tsinga,41.7,Actif
CUST10134,Moussa mbock,661220073,2024-09-20,Yaounde,Melen,71.9,Inactif / Occasionnel
CUST10601,ETOA Jules,670407340,2024-09-20,Bafoussam,Kamkop,60.4,Actif
CUST10441,Romain FOFANA,654585178,2024-09-21,Yaounde,Essos,28.5,Actif
CUST10074,Jean MBOA,638119557,2024-09-21,Bafoussam,Djeleng,76.7,Actif
CUST11741,Viviane NGAMOURI,654743095,2024-09-21,Yaounde,Mvog-Mbi,53.0,Actif
CUST11306,Chancelle EBOUELE,641514326,2024-09-21,Yaounde,Santa Barbara,15.9,Actif
CUST10866,MBASSI Eric,687049595,2024-09-22,Douala,Nkolmesseng,49.0,Actif
CUST17141,TCHAMBA Thierry,686960402,2024-09-22,Yaounde,Emana,50.2,Actif
CUST10710,CISSE Rodrigue,699853245,2024-09-24,Yaounde,Emana,37.7,Actif
CUST10752,Margot coulibaly,675793759,2024-09-24,Yaounde,Briqueterie,6.7,Inactif / Occasionnel
CUST11038,SYLVAIN MBOCK,626297533,2024-09-25,Douala,Yassa,71.1,Actif
CUST11255,BERNARD ISSA,646578001,2024-09-26,Yaounde,Briqueterie,41.8,Actif
CUST11944,EKOTTO Mireille,683284724,2024-09-26,Douala,Ndokotti,17.0,Actif
CUST10094,Gustave BARKA,614308421,2024-09-26,Douala,Bonabéri,55.4,Actif
CUST12006,Sandrine feudjio,690882505,2024-09-27,Douala,Bonapriso,61.3,Actif
CUST10236,Edith BARKA,642614537,2024-09-28,Yaounde,Briqueterie,35.2,Actif
CUST11691,Estelle ESSAMA,672104107,2024-09-29,Douala,Nyalla,66.0,Actif
CUST11809,ROMAIN NTONGO,651536077,2024-10-01,Bafoussam,Ngouache,37.4,Actif
CUST11658,Eric EBOUELE,696300902,2024-10-02,Bafoussam,Famla,57.6,Actif
CUST11842,Paul WAMBA,622309586,2024-10-03,Douala,Mboppi,75.4,Actif
CUST10447,Alain ALI,624508349,2024-10-03,Yaounde,Madagascar,32.2,Actif
CUST10177,MBARGA Larissa,617774584,2024-10-03,Douala,Logbessou,56.9,Actif
CUST11871,CÉLINE EKANI,610704803,2024-10-04,Douala,Ndogpassi,45.3,Actif
CUST11640,BOUBACAR FOTSO,641711468,2024-10-04,Douala,Bonabéri,43.46415432929565,Actif
CUST11734,Sophie KOLLO,684888554,2024-10-05,Douala,PK12,26.7,Actif
CUST11131,Franck tchiemegni,663349308,2024-10-06,Yaounde,Nlongkak,20.2,Actif
CUST10512,Jules MAROUF,653779528,2024-10-06,Bafoussam,Kamkop,61.2,Actif
CUST10998,Alain NKOUAM,699943797,2024-10-07,Yaounde,Briqueterie,59.8,Actif
CUST11386,Aurelie ESSAMA,680610004,2024-10-09,Douala,Bonanjo,43.8,Actif
CUST10523,BARKA Rodrigue,686384014,2024-10-11,Douala,Bonabéri,72.3,Actif
CUST11243,Marie mfou,627637794,2024-10-11,Douala,Deido,61.7,Actif
CUST11846,BOUKAR Aline,613579612,2024-10-12,Douala,Ndokotti,60.6,Actif
CUST11098,BIYA Bertille,686745380,2024-10-12,Douala,Ndog-Bong,8.3,Actif
CUST10609,SOLANGE NGANSO,642111036,2024-10-12,Yaounde,Briqueterie,21.6,Actif
CUST10220,KEITA Honoré,640728046,2024-10-13,Yaounde,Mokolo,44.9,Actif
CUST11072,EDITH BOUKAR,619369750,2024-10-13,Douala,Bonamoussadi,44.5,Actif
CUST10411,Modibo wamba,620099059,2024-10-14,Yaounde,Melen,72.1,Actif
CUST10335,Sylvain MAHAMADOU,637415205,2024-10-14,Douala,Ngodi-Bakoko,51.0,Actif
CUST11700,Patrick ebouele,691202508,2024-10-16,Bafoussam,Famla,20.1,Actif
CUST10173,Gisèle HASSAN,625014631,2024-10-17,Douala,Ndog-Bong,43.46415432929565,Actif
CUST11144,COLETTE FEUDJIO,641510328,2024-10-17,Douala,Ngodi-Bakoko,25.8,Actif
CUST11826,Bernard NGWA,617003454,2024-10-17,Yaounde,Obili,25.5,Actif
CUST10402,Sandrine ndjock,695511909,2024-10-17,Yaounde,Essos,51.4,Actif
CUST10718,IBRAHIM Mariama,691321540,2024-10-17,Yaounde,Mendong,44.3,Actif
CUST11722,Mariama OYONO,647969333,2024-10-17,Yaounde,Briqueterie,9.4,Actif
CUST11121,Prosper diboti,612059919,2024-10-18,Yaounde,Nkol-Eton,13.8,Actif
CUST10077,Sandrine ISSA,696977837,2024-10-19,Douala,Kotto,27.4,Actif
CUST17364,OBAMA Franck,638270233,2024-10-20,Douala,Nyalla,48.0,Actif
CUST12099,AKONO Suzanne,684359498,2024-10-22,Douala,Ngodi-Bakoko,43.46415432929565,Inactif / Occasionnel
CUST12090,Joëlle ESSAMA,678284040,2024-10-23,Douala,PK8,78.6,Actif
CUST11485,Moussa NDOUMBE,638553319,2024-10-23,Bafoussam,Mossap,61.2,Actif
CUST10766,AKONO Joëlle,674893936,2024-10-23,Douala,New-Bell,63.7,Actif
CUST10424,Nadine IBRAHIM,615354599,2024-10-24,Yaounde,Messa,21.9,Actif
CUST11491,Marlène ELA,656991504,2024-10-24,Douala,Cité des Palmiers,43.46415432929565,Actif
CUST10130,Rabi NGUEFACK,666661351,2024-10-25,Douala,Kotto,19.4,Actif
CUST10302,Thierry balde,618181586,2024-10-26,Yaounde,Messa,21.9,Inactif / Occasionnel
CUST17264,Christiane ATEBA,666851760,2024-10-26,Yaounde,Mimboman,56.7,Actif
CUST11703,Gisèle ATEBA,630248230,2024-10-27,Douala,Deido,100.0,Actif
CUST10669,PIERRE FOFANA,685751409,2024-10-28,Douala,Bonamoussadi,78.7,Actif
CUST10743,Gaston NKUISSI,667495923,2024-10-28,Douala,Ndokotti,58.5,Inactif / Occasionnel
CUST10113,Laure KONE,682340307,2024-10-29,Yaounde,Mendong,35.7,Actif
CUST11292,Ghislain SOW,618484847,2024-10-30,Douala,Deido,50.8,Actif
CUST10910,Bertille EBOUELE,637888820,2024-10-30,Yaounde,Tsinga,13.1,Actif
CUST10485,ESSOH Chancelle,691363974,2024-10-30,Douala,Cité des Palmiers,31.5,Actif
CUST11749,Sophie BARRY,698870276,2024-11-01,Douala,Nyalla,33.2,Actif
CUST17325,NTONGO Nadège,634194479,2024-11-02,Douala,Ndokotti,55.9,Actif
CUST10131,OUMAROU Yvette,690048665,2024-11-02,Douala,Bepanda,29.5,Actif
CUST10859,Nadine NGWA,684270583,2024-11-04,Yaounde,Essos,35.6,Actif
CUST11184,Jean FOFANA,671682508,2024-11-05,Douala,PK8,33.6,Actif
CUST11694,MENDO Pierre,615505975,2024-11-05,Yaounde,Nlongkak,15.4,Actif
CUST10692,ABDOU COULIBALY,612601580,2024-11-05,Douala,Village,56.0,Actif
CUST10412,EMMANUEL MINLO,630005727,2024-11-05,Yaounde,Efoulan,28.8,Actif
CUST10157,COULIBALY Rodrigue,693926371,2024-11-06,Douala,New-Bell,45.6,Actif
CUST10643,Luc SOW,657212267,2024-11-07,Douala,Ndogpassi,40.6,Inactif / Occasionnel
CUST10057,SAIDOU BALENG,635808537,2024-11-08,Douala,Village,23.8,Actif
CUST10597,JEAN NGOUFO,683534128,2024-11-08,Douala,Nyalla,16.8,Inactif / Occasionnel
CUST11132,Régine essoh,697219599,2024-11-08,Bafoussam,Mossap,59.8,Actif
CUST17276,Armelle DJOKAM,627758595,2024-11-09,Yaounde,Essos,25.4,Actif
CUST11670,Céline MAROUF,650643870,2024-11-09,Yaounde,Essos,42.0,Actif
CUST10190,Pierre DIBOTI,632162965,2024-11-10,Yaounde,Nkol-Eton,10.0,Actif
CUST17283,hervé CAMARA,642775624,2024-11-10,Douala,Logbessou,60.1,Actif
CUST10849,MAROUF Chancelle,640532273,2024-11-10,Douala,Bonabéri,60.0,Actif
CUST10452,CISSE Thierry,636786211,2024-11-11,Bafoussam,Famla,48.8,Actif
CUST10482,Astride ESSAMA,656397338,2024-11-11,Yaounde,Nkol-Eton,82.1,Actif
CUST10250,Stéphane ESSAMA,696728778,2024-11-12,Yaounde,Elig-Edzoa,100.0,Actif
CUST10634,Isabelle ESSAMA,637760841,2024-11-12,Yaounde,Biyem-Assi,11.5,Inactif / Occasionnel
CUST10288,NADÈGE ALI,645594951,2024-11-12,Yaounde,Mokolo,23.8,Actif
CUST10404,Solange essoh,631687165,2024-11-13,Yaounde,Briqueterie,43.46415432929565,Actif
CUST17246,OUMAR DAWA,684724345,2024-11-14,Bafoussam,Djeleng,100.0,Actif
CUST10538,Aurelie NJIEMOUN,669345683,2024-11-14,Bafoussam,Lekie,60.0,Actif
CUST10030,Jules NGWA,631429110,2024-11-15,Douala,Beedi,9.6,Actif
CUST10165,Vanessa NGUEFACK,631682744,2024-11-15,Yaounde,Nlongkak,27.3,Actif
CUST11671,Astride MAHAMADOU,646866075,2024-11-16,Douala,PK12,34.7,Actif
CUST10291,Aurelie fotso,666775103,2024-11-16,Douala,Beedi,19.7,Actif
CUST10015,Wilfried ATEBA,639345092,2024-11-16,Yaounde,Omnisport,37.4,Actif
CUST17326,WILFRIED NDONGO,625372341,2024-11-20,Yaounde,Santa Barbara,27.9,Inactif / Occasionnel
CUST10633,LYDIE ALI,618357162,2024-11-20,Douala,Nyalla,46.1,Inactif / Occasionnel
CUST10475,MARGOT ETOUNDI,633966966,2024-11-21,Douala,Makepe,43.46415432929565,Actif
CUST17296,ETOA Hervé,657197152,2024-11-21,Douala,Mboppi,19.5,Actif
CUST11629,MARIE NDZANA,620251466,2024-11-21,Douala,Bonabéri,24.2,Actif
CUST10978,Gaston MBOCK,646173157,2024-11-21,Douala,Bonapriso,43.8,Actif
CUST10959,Guy mongo,664023778,2024-11-21,Douala,Bonanjo,22.0,Inactif / Occasionnel
CUST11293,CHANCELLE NDJOCK,695282470,2024-11-21,Douala,Bonabéri,55.0,Actif
CUST12071,Joël ASSOUMOU,626460116,2024-11-22,Douala,Bonamoussadi,21.8,Actif
CUST11824,CARINE MVONDO,628575536,2024-11-23,Bafoussam,Ngouache,59.1,Actif
CUST12080,Kevin akono,656630633,2024-11-23,Douala,Bonabéri,25.2,Actif
CUST10487,CYRILLE ASSOUMOU,625521714,2024-11-24,Yaounde,Jouvence,34.4,Actif
CUST11926,Baudouin DJOKAM,615843091,2024-11-25,Douala,Bonabéri,43.46415432929565,Actif
CUST10985,Patricia kouyate,669355025,2024-11-25,Douala,Bonanjo,43.2,Inactif / Occasionnel
CUST11046,EPEE Franck,611835355,2024-11-28,Douala,Nyalla,100.0,Actif
CUST10961,Aurelie EBOUELE,677172238,2024-11-28,Yaounde,Briqueterie,100.0,Inactif / Occasionnel
CUST10793,MARCEL NGUEFACK,690014570,2024-11-28,Yaounde,Mimboman,41.1,Actif
CUST10798,Laure abouna,635643159,2024-11-28,Yaounde,Mimboman,43.46415432929565,Actif
CUST11410,DIALLO Lydie,624490391,2024-11-30,Douala,Akwa,30.9,Actif
CUST11088,Pierre NGUEFACK,675007200,2024-12-01,Douala,Ndogpassi,43.46415432929565,Actif
CUST10639,Gisèle essama,687267850,2024-12-02,Bafoussam,Bamougoum,1.7,Actif
CUST11340,ARMEL BARRY,626395999,2024-12-02,Bafoussam,Lekie,52.5,Actif
CUST10064,Ornella kouam,641244663,2024-12-03,Douala,Makepe,43.1,Actif
CUST12048,NKODO Didier,681062902,2024-12-04,Douala,PK8,62.9,Actif
CUST11823,Honoré KENFACK,691156554,2024-12-04,Douala,Village,84.9,Actif
CUST17343,Didier doumbia,645496015,2024-12-05,Douala,Bali,68.6,Actif
CUST11764,Armel NKODO,699987086,2024-12-06,Bafoussam,Kamkop,43.46415432929565,Actif
CUST11873,NGONO Laurent,612550658,2024-12-06,Douala,Ndogpassi,13.1,Actif
CUST10159,Romain CISSE,695758349,2024-12-07,Bafoussam,Tougang,17.3,Actif
CUST11462,TCHOUPO Sandrine,622960658,2024-12-08,Yaounde,Efoulan,7.4,Actif
CUST10407,Joël MFOU,667403166,2024-12-09,Douala,Ndogpassi,43.46415432929565,Actif
CUST10406,Chancelle MBASSI,684045292,2024-12-09,Douala,New-Bell,28.3,Actif
CUST10683,Solange ABENA,671028710,2024-12-10,Douala,Akwa,51.5,Actif
CUST11719,ETOA Modibo,631306555,2024-12-11,Yaounde,Obili,54.8,Actif
CUST12095,Vanessa NDJOCK,641774192,2024-12-11,Douala,Bali,19.3,Inactif / Occasionnel
CUST10479,Emmanuel NDJOCK,624549543,2024-12-13,Yaounde,Bastos,43.46415432929565,Actif
CUST11769,Constant NGWA,658667035,2024-12-13,Bafoussam,Fomekoua,60.0,Actif
CUST17211,djeneba OBAMA,648508907,2024-12-15,Douala,PK8,34.4,Inactif / Occasionnel
CUST10017,GHISLAIN KEITA,677827638,2024-12-15,Bafoussam,Tougang,47.2,Actif
CUST10127,SIDIBE Hervé,630514014,2024-12-17,Bafoussam,Ngouache,23.0,Actif
CUST11834,RODRIGUE ABOUNA,648260510,2024-12-17,Yaounde,Nkol-Eton,12.4,Actif
CUST17105,yaya Carine,690010790,2024-12-18,Bafoussam,Bamendzi,43.46415432929565,Actif
CUST11705,Thierry ndoumbe,670468188,2024-12-18,Yaounde,Jouvence,67.3,Actif
CUST10410,Yvette MFOU,625015458,2024-12-19,Yaounde,Nkomo,100.0,Actif
CUST11521,EBOUELE Edith,629042093,2024-12-21,Douala,Ndogpassi,47.9,Actif
CUST11950,OYONO Suzanne,694790150,2024-12-21,Douala,Cité des Palmiers,34.6,Actif
CUST10001,Kevin NKOLO,624942603,2024-12-22,Douala,Village,25.5,Actif
CUST11920,WILFRIED ETOA,678092370,2024-12-22,Douala,Bonabéri,38.1,Actif
CUST11772,Gaston ETOUNDI,638748452,2024-12-22,Bafoussam,Ngouache,18.9,Actif
CUST11993,Denise OBAMA,667795113,2024-12-22,Douala,Bonabéri,43.46415432929565,Actif
CUST10904,ETOA Paul,650987442,2024-12-23,Douala,Bonapriso,16.5,Actif
CUST17369,pauline NDIKUM,649680122,2024-12-23,Bafoussam,Famla,41.3,Inactif / Occasionnel
CUST12093,Boris CAMARA,636975128,2024-12-23,Douala,Ndokotti,68.2,Actif
CUST10801,VIVIANE MONGO,664549859,2024-12-23,Yaounde,Etoudi,17.4,Actif
CUST10498,ASTRIDE BELLO,658884978,2024-12-24,Yaounde,Mvog-Mbi,17.4,Inactif / Occasionnel
CUST11233,Ibrahim djokam,694322033,2024-12-24,Douala,Bepanda,48.7,Actif
CUST10659,Sophie MBOA,699774697,2024-12-26,Douala,Yassa,44.5,Actif
CUST10505,Bernard ndoumbe,699038359,2024-12-26,Douala,Ndogpassi,53.3,Actif
CUST10756,Joëlle BILONG,695306788,2024-12-26,Bafoussam,Djeleng,76.4,Actif
CUST10984,NDZANA Bernard,697444123,2024-12-27,Bafoussam,Kamkop,87.6,Actif
CUST10550,Raoul TALLA,654988206,2024-12-28,Douala,Bonapriso,50.7,Actif
CUST12010,DIDIER MBASSI,657183837,2024-12-30,Yaounde,Briqueterie,53.4,Actif
CUST10403,EKOTTO Boris,645159040,2024-12-31,Yaounde,Biyem-Assi,69.9,Actif
CUST11561,THIERRY WAMBA,675314742,2024-12-31,Douala,Bonamoussadi,48.1,Actif
CUST11761,DOUMBIA Marie,680651318,2025-01-01,Bafoussam,Kamkop,60.8,Actif
CUST11780,KENFACK Marie,649700543,2025-01-01,Douala,PK12,72.4,Actif
